State,State_Abr,Opioid_Factor,Crime_Percent,Homeless_Percent,Average_Income,Unemployment_Percent,Population,Year,z_score_AvgInc,z_score_Unem,z_score_Crime,z_score_Homeless,z_score_opioid,prediction
Virginia,VA,17200000000,2.72,0.13,71824,3.2,7751000,2007,1.4815909879773828,-1.6920381900986732,-0.6584762994708061,-0.4977549046992981,-0.4267069594808134,3
Colorado,CO,8460000000,3.39,0.3,74228,4.4,4803868,2007,1.745897202594096,-1.21436116027157,0.14600787384327518,1.3000850485347124,-0.4640875434803298,2
California,CA,556000000000,0.53,0.38,67664,5.5,36250311,2007,1.0242224967937192,-0.7764905495967255,-3.2880588958257886,2.1461273794683646,0.6440333306895855,2
Alabama,AL,25400000000,4.16,0.12,51248,3.7,4672840,2007,-0.7806239338002763,-1.4930060943373802,1.0705643118311001,-0.6035101960660048,-0.16417081030341996,0
Arkansas,AR,7600000000,4.48,0.13,49527,6.0,2848650,2007,-0.9698381581577487,-0.5774584538354325,1.4547955587870796,-0.4977549046992981,-0.3900712101626436,0
Vermont,VT,1190000000,2.42,0.17,57534,4.8,623481,2007,-0.0895137569780385,-1.0551354836625357,-1.0186930934920368,-0.07473373923247201,-0.4520439866598594,3
Illinois,IL,19700000000,3.51,0.12,63745,5.2,12695866,2007,0.5933505936810323,-0.8959098070535012,0.29009459145176697,-0.6035101960660048,-0.48117816820519915,3
Georgia,GA,174000000000,4.49,0.21,59053,4.5,9349988,2007,0.07749170891330404,-1.1745547411193116,1.4668027852544536,0.3482874262343538,0.9110791103304688,0
Indiana,IN,24500000000,3.71,0.12,57610,5.4,6379599,2007,-0.08115798646602926,-0.8162969687489839,0.5302391207992542,-0.6035101960660048,-0.29437789660480373,0
Iowa,IA,3610000000,2.9,0.09,59377,4.7,2999212,2007,0.11311367793818553,-1.0949419028147942,-0.44234622305806814,-0.9207760701661243,-0.5095846445377819,3
Arizona,AZ,25900000000,4.49,0.24,57321,4.0,6167681,2007,-0.11293190328143281,-1.3735868368806046,1.4668027852544536,0.6655533003344734,-0.26508129774135586,0
Idaho,ID,3470000000,2.48,0.12,59712,4.0,1505105,2007,0.1499450348003315,-1.3735868368806046,-0.9466497346877907,-0.6035101960660048,-0.4196535520691801,3
Connecticut,CT,8820000000,2.64,0.13,77870,5.0,3527270,2007,2.146314521077486,-0.9755226453580185,-0.754534111209801,-0.4977549046992981,-0.4037353269687378,3
New Jersey,NJ,27800000000,2.54,0.2,73460,4.8,8677885,2007,1.6614599426832657,-1.0551354836625357,-0.8746063758835445,0.24253213486764752,-0.34635473222295715,3
New Mexico,NM,6720000000,4.35,0.15,53850,3.9,1990070,2007,-0.4945487381128021,-1.413393256032863,1.298701614711212,-0.28624432196588523,-0.33221664856289557,0
Texas,TX,67500000000,4.65,0.17,55911,4.8,23831983,2007,-0.26795343514897263,-1.0551354836625357,1.6589184087324433,-0.07473373923247201,-0.3766531870466349,0
Louisiana,LA,19400000000,4.69,0.13,50156,4.5,4375581,2007,-0.9006831627359879,-1.1745547411193116,1.7069473146019407,-0.4977549046992981,-0.24595076595282733,0
North Carolina,NC,96600000000,4.53,0.13,52827,5.0,9118037,2007,-0.6070218069784001,-0.9755226453580185,1.514831691123951,-0.4977549046992981,0.25687970054485193,0
North Dakota,ND,7370000000,1.99,0.1,57309,4.0,652822,2007,-0.11425123546753953,-1.3735868368806046,-1.5350038315891337,-0.8150207787994177,0.3136101320352576,3
Nebraska,NE,2300000000,3.33,0.2,59700,3.7,1783440,2007,0.14862570261422478,-1.4930060943373802,0.07396451503902904,0.24253213486764752,-0.502565965161906,3
Tennessee,TN,42000000000,4.83,0.18,50013,5.2,6175727,2007,-0.9164052046204264,-0.8959098070535012,1.8750484851451812,0.03102155213423431,-0.05274818167765528,0
New York,NY,37300000000,2.41,0.33,59421,5.0,19132335,2007,0.1179512292872435,-0.9755226453580185,-1.030700319959411,1.6173509226348322,-0.44870247053184475,2
Pennsylvania,PA,34500000000,2.75,0.13,58805,5.0,12563937,2007,0.050225510400431786,-0.9755226453580185,-0.6224546200686832,-0.4977549046992981,-0.3837029433661001,3
Alaska,AK,1180000000,3.96,0.24,76477,7.1,680300,2007,1.9931620431402641,-0.13958784316058806,0.8304197824836128,0.6655533003344734,-0.4662546946158954,2
Nevada,NV,11200000000,4.47,0.33,65629,4.9,2601072,2007,0.8004857468997876,-1.015329064510277,1.4427883323197044,1.6173509226348322,-0.25638006490059306,2
New Hampshire,NH,3560000000,2.03,0.17,82041,4.3,1312540,2007,2.604892400098414,-1.2541675794238287,-1.4869749257196365,-0.07473373923247201,-0.38644994033079,3
Washington,WA,19100000000,4.38,0.36,70512,5.4,6461587,2007,1.3373440022963812,-0.8162969687489839,1.3347232941133353,1.9346167967349515,-0.3665649014632496,2
Delaware,DE,2620000000,4.03,0.12,66274,3.8,871749,2007,0.8713998519030238,-1.4531996751851217,0.9144703677552336,-0.6035101960660048,-0.3625229489432606,3
Wisconsin,WI,7430000000,3.07,0.1,62253,5.5,5610775,2007,0.42931362520842986,-0.7764905495967255,-0.23822337311270428,-0.8150207787994177,-0.49974232859699735,3
West Virginia,WV,7440000000,2.77,0.13,51101,5.1,1834052,2007,-0.7967857530800836,-0.93571622620576,-0.5984401671339346,-0.4977549046992981,-0.27672979665542735,3
Hawaii,HI,2970000000,4.39,0.46,77726,2.3,1315675,2007,2.1304825348442056,-2.0502959624690007,1.3467305205807094,2.992169710402017,-0.4235786681714294,2
Massachusetts,MA,13200000000,2.83,0.24,70977,5.5,6431559,2007,1.3884681245080166,-0.7764905495967255,-0.5263968083296884,0.6655533003344734,-0.4403119804994173,3
Florida,FL,192000000000,4.78,0.25,55596,3.7,18367842,2007,-0.30258590503427407,-1.4930060943373802,1.8150123528083097,0.7713085917011799,0.24534413102421937,0
Wyoming,WY,1270000000,3.04,0.1,59178,4.0,534876,2007,0.09123475251858239,-1.3735868368806046,-0.2742450525148271,-0.8150207787994177,-0.41403038871688086,3
Maine,ME,3660000000,2.52,0.2,58146,5.4,1327040,2007,-0.022227815486595685,-0.8162969687489839,-0.8986208288182932,0.24253213486764752,-0.38271834716147124,3
Maryland,MD,17700000000,4.05,0.17,79678,4.1,5653408,2007,2.345093903784232,-1.333780417728346,0.9384848206899818,-0.07473373923247201,-0.35228768790805565,3
Oklahoma,OK,11300000000,4.01,0.12,52466,4.7,3634349,2007,-0.646711716910444,-1.0949419028147942,0.8904559148204844,-0.6035101960660048,-0.3540532979298878,0
Ohio,OH,35600000000,3.79,0.1,59609,6.2,11500468,2007,0.13862076686958213,-0.4978456155309153,0.626296932538249,-0.8150207787994177,-0.3551711860921054,0
Utah,UT,6870000000,3.8,0.12,64987,2.8,2597746,2007,0.729901474943078,-1.8512638667077077,0.6383041590056231,-0.6035101960660048,-0.39197539140819027,3
Missouri,MO,44800000000,4.24,0.11,55852,5.2,5887612,2007,-0.274440151730664,-0.8959098070535012,1.1666221235700949,-0.7092654874327112,0.013231007966062457,0
Minnesota,MN,8180000000,3.32,0.14,70485,5.4,5207203,2007,1.334375504877641,-0.8162969687489839,0.06195728857165441,-0.39199961333259153,-0.4796098774740237,3
Michigan,MI,20100000000,3.63,0.28,59938,7.8,10001284,2007,0.17479245763867476,0.1390570909052222,0.43418130906025926,1.0885744658012997,-0.4437920251517552,2
Rhode Island,RI,1880000000,2.85,0.13,65814,5.8,1057315,2007,0.8208254514355995,-0.6570712921399497,-0.5023823553949397,-0.4977549046992981,-0.4626993661381514,3
Kansas,KS,13100000000,4.12,0.08,58878,4.5,2783785,2007,0.058251447865914345,-1.1745547411193116,1.0225354059616025,-1.0265313615328306,-0.2237400384130932,0
Montana,MT,3130000000,2.93,0.12,52999,4.1,964706,2007,-0.5881113789775371,-1.333780417728346,-0.4063245436559448,-0.6035101960660048,-0.34301110099657905,3
Mississippi,MS,12900000000,3.48,0.05,45259,6.9,2928350,2007,-1.4390806390163726,-0.219200681465105,0.25407291204964416,-1.3437972356329502,-0.24827575356500092,0
South Carolina,SC,131000000000,5.02,0.13,53499,6.4,4444110,2007,-0.5331392045564237,-0.41823277722639796,2.1031857880252933,-0.4977549046992981,1.7980813378073874,0
Kentucky,KY,30100000000,2.8,0.19,47897,6.5,4256672,2007,-1.1490474467705782,-0.37842635807413955,-0.5624184877318117,0.1367768435009409,-0.03067564471564279,4
Oregon,OR,13800000000,3.84,0.47,60989,5.9,3722417,2007,0.29034396827185516,-0.617264872987691,0.6863330648751206,3.0979250017687234,-0.3052412548943255,2
South Dakota,SD,1140000000,1.82,0.07,56354,3.7,791623,2007,-0.21924808861186615,-1.4930060943373802,-1.7391266815344975,-1.1322866528995372,-0.4902874226088854,3
Virginia,VA,24200000000,2.77,0.11,72469,3.6,7833496,2008,1.552505092980619,-1.5328125134896389,-0.5984401671339346,-0.7092654874327112,-0.35567956346920143,3
Colorado,CO,10200000000,3.24,0.3,71251,4.7,4889730,2008,1.4185928760907867,-1.0949419028147942,-0.03410052316733993,1.3000850485347124,-0.43756751665743926,2
California,CA,542000000000,0.51,0.37,66658,6.4,36604337,2008,0.913618481858439,-0.41823277722639796,-3.312073348760537,2.040372088101658,0.6007089739149616,2
Alabama,AL,15400000000,4.28,0.11,51999,4.3,4718206,2008,-0.6980557278197639,-1.2541675794238287,1.2146510294395922,-0.7092654874327112,-0.34142437127788794,0
Arkansas,AR,7140000000,4.32,0.11,46282,5.6,2874554,2008,-1.3266075701507747,-0.736684130444467,1.2626799353090898,-0.7092654874327112,-0.4050945978684025,0
Vermont,VT,1220000000,2.68,0.15,59283,5.0,624151,2008,0.1027789091470162,-0.9755226453580185,-0.7065052053403035,-0.28624432196588523,-0.44828816110720165,3
Illinois,IL,27300000000,3.52,0.12,62262,6.3,12747038,2008,0.4303031243480099,-0.4580391963786568,0.3021018179191416,-0.6035101960660048,-0.43302383616275997,3
Georgia,GA,230000000000,4.57,0.2,54046,5.3,9504843,2008,-0.47299964573972564,-0.8561033879012427,1.5628605969934484,0.24253213486764752,1.3672113234728542,0
Indiana,IN,19600000000,3.63,0.12,54389,5.3,6424806,2008,-0.4352887340868418,-0.8561033879012427,0.43418130906025926,-0.6035101960660048,-0.35883184203484253,0
Iowa,IA,4100000000,2.72,0.11,58623,4.7,3016734,2008,0.030215638911146505,-1.0949419028147942,-0.6584762994708061,-0.7092654874327112,-0.4968980670736675,3
Arizona,AZ,26000000000,4.63,0.2,54849,4.5,6280362,2008,-0.3847143336194175,-1.1745547411193116,1.634903955797694,0.24253213486764752,-0.26993115278968005,0
Idaho,ID,3640000000,2.34,0.1,55441,4.8,1534320,2008,-0.3196272791048192,-1.0551354836625357,-1.1147509052310316,-0.8150207787994177,-0.4141932708776997,3
Connecticut,CT,8140000000,2.76,0.13,75623,5.4,3545579,2008,1.8992695692290025,-0.8162969687489839,-0.6104473936013092,-0.4977549046992981,-0.4204428216050413,3
New Jersey,NJ,30300000000,2.61,0.16,76352,5.2,8711090,2008,1.9794189995349858,-0.8959098070535012,-0.7905557906119243,-0.18048903059917862,-0.3239274751297146,3
New Mexico,NM,6820000000,4.41,0.15,49223,3.7,2010662,2008,-1.0032612402057857,-1.4930060943373802,1.3707449735154587,-0.28624432196588523,-0.33097995077823167,0
Texas,TX,89900000000,4.5,0.17,54353,4.7,24309039,2008,-0.439246730645162,-1.0949419028147942,1.4788100117218277,-0.07473373923247201,-0.3059803867378448,0
Louisiana,LA,17300000000,4.53,0.12,46255,4.4,4435586,2008,-1.3295760675695147,-1.21436116027157,1.514831691123951,-0.6035101960660048,-0.28948833031424753,0
North Carolina,NC,71200000000,4.47,0.13,50191,5.3,9309449,2008,-0.89683511052651,-0.8561033879012427,1.4427883323197044,-0.4977549046992981,0.016409767753619787,0
North Dakota,ND,6480000000,2.15,0.09,58026,3.8,657569,2008,-0.035421137347662904,-1.4531996751851217,-1.3428882081111442,-0.9207760701661243,0.19648912896524193,3
Nebraska,NE,2080000000,3.17,0.22,59308,3.6,1796378,2008,0.10552751786807188,-1.5328125134896389,-0.1181511084389607,0.45404271760106046,-0.5133198665883555,3
Tennessee,TN,37700000000,4.75,0.16,46417,5.9,6247411,2008,-1.311765083057074,-0.617264872987691,1.7789906734061864,-0.18048903059917862,-0.11529452525702286,0
New York,NY,34200000000,2.43,0.32,58996,5.3,19212436,2008,0.07122488102929711,-0.8561033879012427,-1.0066858670246621,1.5115956312681256,-0.46253546025405595,2
Pennsylvania,PA,38100000000,2.79,0.12,60096,5.4,12612285,2008,0.19216366475574662,-0.8162969687489839,-0.5744257141991858,-0.6035101960660048,-0.3612650400956265,3
Alaska,AK,2130000000,3.51,0.24,74812,7.2,687455,2008,1.8101047023179564,-0.09978142400832925,0.29009459145176697,0.6655533003344734,-0.35493788397583675,2
Nevada,NV,12400000000,4.1,0.33,64004,5.9,2653630,2008,0.621826180031169,-0.617264872987691,0.9985209530268533,1.6173509226348322,-0.22643174314064632,2
New Hampshire,NH,4750000000,2.29,0.15,77369,4.0,1315906,2008,2.0912324023075306,-1.3735868368806046,-1.1747870375679033,-0.28624432196588523,-0.3132063388862339,3
Washington,WA,21600000000,4.09,0.33,66210,5.2,6562231,2008,0.8643634135771213,-0.8959098070535012,0.9865137265594792,1.6173509226348322,-0.3391707794361452,2
Delaware,DE,2320000000,4.25,0.11,59278,4.2,883874,2008,0.10222918740280507,-1.2939739985760872,1.178629350037469,-0.7092654874327112,-0.39359078582693185,0
Wisconsin,WI,8670000000,3.03,0.1,59860,4.9,5640996,2008,0.16621679842898107,-1.015329064510277,-0.28625227898220174,-0.8150207787994177,-0.48237989442046847,3
West Virginia,WV,8170000000,2.79,0.11,44420,4.8,1840310,2008,-1.531323947695001,-1.0551354836625357,-0.5744257141991858,-0.7092654874327112,-0.24547961767652712,0
Hawaii,HI,3340000000,3.71,0.45,71927,2.9,1332213,2008,1.492915255908132,-1.8114574475554492,0.5302391207992542,2.8864144190353103,-0.40319752183401625,2
Massachusetts,MA,13800000000,2.87,0.22,70523,5.2,6468967,2008,1.3385533901336457,-0.8959098070535012,-0.47836790246019095,0.45404271760106046,-0.4337104364150585,3
Florida,FL,295000000000,4.78,0.27,52444,5.0,18527305,2008,-0.649130492584973,-0.9755226453580185,1.8150123528083097,0.9828191744345932,0.691751654149693,0
Wyoming,WY,1070000000,2.9,0.14,62359,3.7,546043,2008,0.4409677261857059,-1.4930060943373802,-0.44234622305806814,-0.39199961333259153,-0.44788843661062533,3
Maine,ME,3360000000,2.56,0.2,55216,5.6,1330509,2008,-0.3443647575943203,-0.736684130444467,-0.8505919229487958,0.24253213486764752,-0.401708565270772,3
Maryland,MD,15700000000,4.11,0.16,74487,3.9,5684965,2008,1.7743727889442327,-1.413393256032863,1.0105281794942285,-0.18048903059917862,-0.38242022225302824,3
Oklahoma,OK,28700000000,3.96,0.1,53910,3.8,3668976,2008,-0.48795207718226846,-1.4531996751851217,0.8304197824836128,-0.8150207787994177,0.030628058112794808,0
Ohio,OH,86000000000,3.76,0.11,54873,6.4,11515391,2008,-0.38207566924720404,-0.41823277722639796,0.5902752531361256,-0.7092654874327112,0.001728305017880294,0
Utah,UT,7910000000,3.7,0.13,73115,3.4,2663029,2008,1.6235291423326974,-1.6124253517941562,0.51823189433188,-0.4977549046992981,-0.3653918959260589,3
Missouri,MO,33000000000,4.16,0.13,53825,5.8,5923916,2008,-0.49729734683385773,-0.6570712921399497,1.0705643118311001,-0.4977549046992981,-0.15315443142711996,0
Minnesota,MN,5620000000,3.11,0.15,64215,5.5,5247018,2008,0.6450244376368789,-0.7764905495967255,-0.19019446724320685,-0.28624432196588523,-0.5204044873540744,3
Michigan,MI,32100000000,3.48,0.28,58209,7.9,9946889,2008,-0.015301321509535396,0.17886351005748102,0.25407291204964416,1.0885744658012997,-0.344429000956738,2
Rhode Island,RI,2630000000,3.09,0.11,62246,7.4,1055003,2008,0.42854401476653425,-0.020168585703811984,-0.21420892017795556,-0.7092654874327112,-0.4043583663624921,3
Kansas,KS,104000000000,3.8,0.06,55975,4.3,2808076,2008,-0.2609169968230701,-1.2541675794238287,0.6383041590056231,-1.2380419442662438,2.4150258719109465,0
Montana,MT,3870000000,2.99,0.15,50156,4.9,976415,2008,-0.9006831627359879,-1.015329064510277,-0.3342811848516986,-0.28624432196588523,-0.28432960420311026,3
Mississippi,MS,14300000000,3.24,0.07,42611,6.5,2947806,2008,-1.7302132747505892,-0.37842635807413955,-0.03410052316733993,-1.1322866528995372,-0.21188547702757807,0
South Carolina,SC,225000000000,4.92,0.12,49285,6.0,4528996,2008,-0.9964446905775675,-0.5774584538354325,1.9831135233515502,-0.6035101960660048,3.447006782523638,0
Kentucky,KY,88100000000,2.96,0.19,48108,6.2,4289878,2008,-1.1258491891648685,-0.4978456155309153,-0.370302864253822,0.1367768435009409,1.0683646098980437,0
Oregon,OR,13700000000,3.58,0.55,60476,6.0,3768748,2008,0.2339425173157928,-0.5774584538354325,0.37414517672338776,3.943967332702376,-0.31112675127596534,2
South Dakota,SD,2230000000,1.99,0.07,60328,3.2,799124,2008,0.21767075368714323,-1.6920381900986732,-1.5350038315891337,-1.1322866528995372,-0.3800626368796171,3
Virginia,VA,36200000000,2.68,0.11,70981,6.2,7925937,2009,1.3889079019033854,-0.4978456155309153,-0.7065052053403035,-0.7092654874327112,-0.23504754965880287,3
Colorado,CO,11600000000,3.04,0.31,65618,7.3,4972195,2009,0.799276359062523,-0.059975004856070796,-0.2742450525148271,1.405840339901419,-0.4174101118015711,2
California,CA,472000000000,0.47,0.33,65858,10.3,36961229,2009,0.8256630027846575,1.1342175697116876,-3.3601022546300343,1.6173509226348322,0.43446287530065447,2
Alabama,AL,20400000000,3.99,0.13,46905,8.7,4757938,2009,-1.2581122408220673,0.49731486327554936,0.8664414618857362,-0.4977549046992981,-0.2578773945495571,0
Arkansas,AR,11800000000,4.28,0.1,42867,7.5,2896843,2009,-1.7020675214469791,0.019637833448446475,1.2146510294395922,-0.8150207787994177,-0.27535791911623464,0
Vermont,VT,99200000000,2.54,0.19,61381,7.1,624817,2009,0.33344215301800806,-0.13958784316058806,-0.8746063758835445,0.1367768435009409,12.350567678674397,1
Illinois,IL,66300000000,3.26,0.11,62028,8.7,12796778,2009,0.40457614671892883,0.49731486327554936,-0.010086070232591742,-0.7092654874327112,-0.18495716959164857,4
Georgia,GA,186000000000,4.19,0.21,50848,8.7,9620846,2009,-0.8246016733371669,0.49731486327554936,1.1065859912332234,0.3482874262343538,0.9701199566649873,0
Indiana,IN,20000000000,3.43,0.11,51980,9.8,6459325,2009,-0.7001446704477662,0.9351854739503945,0.1940367797127726,-0.7092654874327112,-0.3551081301680976,4
Iowa,IA,4260000000,2.59,0.11,59507,6.2,3032870,2009,0.127406443287675,-0.4978456155309153,-0.814570243546673,-0.7092654874327112,-0.4931823965309074,3
Arizona,AZ,36000000000,3.65,0.23,53662,8.2,6343154,2009,-0.5152182756951408,0.29828276751425636,0.458195761995008,0.5597980089677671,-0.14460313631737906,0
Idaho,ID,14100000000,2.25,0.12,54881,7.9,1554439,2009,-0.38119611445646623,0.17886351005748102,-1.2228159434374006,-0.6035101960660048,0.1325255884462253,4
Connecticut,CT,6780000000,2.62,0.13,76085,7.7,3561807,2009,1.9500638583941112,0.09925067175296375,-0.7785485641445496,-0.4977549046992981,-0.452461107654574,3
New Jersey,NJ,136000000000,2.37,0.15,75998,8.2,8755602,2009,1.9404987000448375,0.29828276751425636,-1.0787292258289083,-0.28624432196588523,0.6599583038214071,3
New Mexico,NM,10700000000,4.29,0.17,51084,6.0,2036802,2009,-0.7986548070104015,-0.5774584538354325,1.2266582559069663,-0.07473373923247201,-0.17905269327178644,0
Texas,TX,159000000000,4.5,0.15,55499,6.8,24801761,2009,-0.3132505068719701,-0.2590071006173638,1.4788100117218277,-0.28624432196588523,-0.08457833437055855,0
Louisiana,LA,27300000000,4.49,0.28,53303,6.1,4491648,2009,-0.5546882969295002,-0.537652034683174,1.4668027852544536,1.0885744658012997,-0.11174836654636597,0
North Carolina,NC,93500000000,4.04,0.14,49165,9.8,9449566,2009,-1.0096380124386348,0.9351854739503945,0.9264775942226077,-0.39199961333259153,0.19976656127995676,0
North Dakota,ND,10200000000,2.19,0.12,58749,5.2,664968,2009,0.04406862686526709,-0.8959098070535012,-1.2948593022416468,-0.6035101960660048,0.6441381737526075,3
Nebraska,NE,4470000000,3.03,0.21,58186,4.9,1812683,2009,-0.017830041532906613,-1.015329064510277,-0.28625227898220174,0.3482874262343538,-0.4065560437825621,3
Tennessee,TN,43100000000,4.43,0.17,47535,9.8,6306019,2009,-1.1888473010514644,0.9351854739503945,1.394759426450207,-0.07473373923247201,-0.049979560672409336,0
New York,NY,34200000000,2.34,0.32,58945,7.7,19307066,2009,0.06561771923834354,0.09925067175296375,-1.1147509052310316,1.5115956312681256,-0.4632475726586261,2
Pennsylvania,PA,73900000000,2.57,0.12,56517,7.6,12666858,2009,-0.20132715975058316,0.05944425260070493,-0.8385846964814218,-0.6035101960660048,-0.13164916217442763,4
Alaska,AK,1570000000,3.55,0.29,72275,8.2,698895,2009,1.531175889305227,0.29828276751425636,0.3381234973212644,1.1943297571680058,-0.4244759196506188,2
Nevada,NV,11200000000,3.71,0.41,60344,10.4,2684665,2009,0.21942986326861885,1.174023988863946,0.5302391207992542,2.463393253568484,-0.2673230996693637,2
New Hampshire,NH,3340000000,2.35,0.12,75240,5.8,1316102,2009,1.8571608836224296,-0.6570712921399497,-1.102743678763657,-0.6035101960660048,-0.40069257756519205,3
Washington,WA,24700000000,4.01,0.34,70853,8.3,6667426,2009,1.3748350252515804,0.33808918666651555,0.8904559148204844,1.7231062140015387,-0.30546086299385106,2
Delaware,DE,2970000000,3.97,0.13,61141,7.6,891730,2009,0.3070555092958736,0.05944425260070493,0.8424270089509874,-0.4977549046992981,-0.3359842793711628,0
Wisconsin,WI,11900000000,2.86,0.12,60112,7.7,5669264,2009,0.19392277433722224,0.09925067175296375,-0.4903751289275656,-0.6035101960660048,-0.43650376132699437,3
West Virginia,WV,25700000000,2.8,0.09,47504,6.7,1847775,2009,-1.1922555758655735,-0.2988135197696222,-0.5624184877318117,-0.9207760701661243,0.527384837150532,4
Hawaii,HI,2450000000,3.79,0.43,65289,6.0,1346717,2009,0.7631046682934305,-0.5774584538354325,0.626296932538249,2.6749038363018967,-0.45934072831750933,2
Massachusetts,MA,12700000000,2.82,0.24,69658,7.9,6517613,2009,1.2434515283851195,0.17886351005748102,-0.538404034797063,0.6655533003344734,-0.44878514566140143,2
Florida,FL,341000000000,4.43,0.3,53535,8.9,18652644,2009,-0.5291812079981035,0.576927701580067,1.394759426450207,1.3000850485347124,0.8843031966096714,0
Wyoming,WY,2890000000,2.76,0.09,61559,5.5,559851,2009,0.3530122471119244,-0.7764905495967255,-0.6104473936013092,-0.9207760701661243,-0.18650008934664733,3
Maine,ME,3710000000,2.5,0.18,55730,8.4,1329590,2009,-0.28785336228941566,0.377895605818774,-0.922635281753042,0.03102155213423431,-0.38008073970153305,4
Maryland,MD,21900000000,3.77,0.2,75305,6.6,5730388,2009,1.8643072662971742,-0.3386199389218811,0.6022824796035003,0.24253213486764752,-0.2958989539427203,3
Oklahoma,OK,43600000000,4.06,0.13,53825,5.4,3717572,2009,-0.49729734683385773,-0.8162969687489839,0.9504920471573559,-0.4977549046992981,0.3494113257140903,0
Ohio,OH,100000000000,3.6,0.11,53826,9.6,11528896,2009,-0.49718740248501553,0.8555726356458769,0.39815962965813645,-0.7092654874327112,0.10012773014692626,4
Utah,UT,9330000000,3.59,0.14,68623,6.0,2723421,2009,1.1296591273334147,-0.5774584538354325,0.38615240319076183,-0.39199961333259153,-0.3282113766202,3
Missouri,MO,38500000000,3.88,0.12,57217,8.9,5961088,2009,-0.12436611556102439,0.576927701580067,0.734361970744618,-0.6035101960660048,-0.0806836759419226,0
Minnesota,MN,20800000000,2.88,0.15,65806,8.3,5281203,2009,0.8199458966448617,0.33808918666651555,-0.46636067599281683,-0.28624432196588523,-0.28636861948678133,3
Michigan,MI,43900000000,3.37,0.14,53961,12.4,9901591,2009,-0.4823449153913149,1.970152371909118,0.12199342090852647,-0.39199961333259153,-0.24595615288750994,4
Rhode Island,RI,3110000000,2.87,0.15,60578,10.8,1053646,2009,0.24515684089769993,1.3332496654729806,-0.47836790246019095,-0.28624432196588523,-0.3669137979593456,4
Kansas,KS,14300000000,3.61,0.07,52463,6.3,2832704,2009,-0.6470415499569707,-0.4580391963786568,0.41016685612551057,-1.1322866528995372,-0.19579714083662525,0
Montana,MT,4640000000,2.81,0.12,47442,6.7,983982,2009,-1.1990721254937915,-0.2988135197696222,-0.5504112612644371,-0.6035101960660048,-0.22294749744183112,4
Mississippi,MS,17600000000,3.24,0.09,41154,8.9,2958774,2009,-1.8904021910137137,0.576927701580067,-0.03410052316733993,-0.9207760701661243,-0.12232112344874625,4
South Carolina,SC,254000000000,4.56,0.1,48221,10.8,4589872,2009,-1.113425477745697,1.3332496654729806,1.5508533705260732,-0.8150207787994177,3.9089183023857847,0
Kentucky,KY,105000000000,2.78,0.14,50054,10.0,4317074,2009,-0.911897486317895,1.0147983122549113,-0.5864329406665604,-0.39199961333259153,1.3773189545427231,4
Oregon,OR,14600000000,3.28,0.45,57603,10.8,3808600,2009,-0.08192759690792485,1.3332496654729806,0.013928382702156976,2.8864144190353103,-0.2949441022365498,2
South Dakota,SD,1870000000,2.0,0.09,53764,5.0,807067,2009,-0.5040039521132336,-0.9755226453580185,-1.5229966051217594,-0.9207760701661243,-0.4187112644194322,3
Virginia,VA,24300000000,2.55,0.11,69675,7.8,8023680,2010,1.2453205823154372,0.1390570909052222,-0.8625991494161704,-0.7092654874327112,-0.3606389103731274,3
Colorado,CO,12900000000,3.0,0.31,69520,9.5,5048281,2010,1.2282792082448921,0.8157662164936185,-0.32227395838432454,1.405840339901419,-0.3992619525397588,2
California,CA,678000000000,0.44,0.33,62652,13.0,37320903,2010,0.47318142039647837,2.2089908868226695,-3.3961239340321576,1.6173509226348322,0.8749310659306715,4
Alabama,AL,22300000000,3.74,0.13,47244,10.9,4785448,2010,-1.2208411065645524,1.373056084625239,0.5662608002013775,-0.4977549046992981,-0.22748329115506252,4
Arkansas,AR,10400000000,4.06,0.09,44536,8.9,2921978,2010,-1.5185704032293026,0.576927701580067,0.9504920471573559,-0.9207760701661243,-0.31732382380861207,0
Vermont,VT,1730000000,2.39,0.19,64551,7.6,625880,2010,0.681965738847867,0.05944425260070493,-1.0547147728941597,0.1367768435009409,-0.38222126245567273,3
Illinois,IL,85000000000,3.16,0.11,58549,12.1,12840762,2010,0.022079757096821723,1.850733114452342,-0.1301583349063348,-0.7092654874327112,-0.06754361200721377,4
Georgia,GA,196000000000,4.04,0.17,50919,10.7,9711810,2010,-0.8167956245693688,1.2934432463207213,0.9264775942226077,-0.07473373923247201,1.0393815813177725,0
Indiana,IN,24900000000,3.39,0.1,53253,11.5,6490436,2010,-0.5601855143716115,1.6118945995387906,0.14600787384327518,-0.8150207787994177,-0.29470051262041513,4
Iowa,IA,6410000000,2.52,0.1,56573,7.0,3050767,2010,-0.19517027621541846,-0.17939426231284653,-0.8986208288182932,-0.8150207787994177,-0.4363345592854886,3
Arizona,AZ,29000000000,3.91,0.21,54127,10.6,6407774,2010,-0.46409415348350525,1.2536368271684628,0.7703836501467413,0.3482874262343538,-0.2384372531519948,4
Idaho,ID,5720000000,2.22,0.15,54304,10.2,1570773,2010,-0.4446340037384311,1.0944111505594283,-1.2588376228395235,-0.28624432196588523,-0.3106076775945143,4
Connecticut,CT,6520000000,2.47,0.12,76174,9.9,3579125,2010,1.9598489054410693,0.974991893102653,-0.9586569611551647,-0.6035101960660048,-0.45914195639178906,3
New Jersey,NJ,73500000000,2.39,0.16,72677,10.4,8799624,2010,1.5753735175398023,1.174023988863946,-1.0547147728941597,-0.18048903059917862,0.0739093751119485,3
New Mexico,NM,9520000000,4.02,0.17,52093,8.3,2064588,2010,-0.6877209590285946,0.33808918666651555,0.9024631412878584,-0.07473373923247201,-0.2314721278167412,0
Texas,TX,190000000000,4.22,0.14,54554,8.6,25242679,2010,-0.4171479165278744,0.45750844412329095,1.1426076706353456,-0.39199961333259153,0.006516830430972127,0
Louisiana,LA,26200000000,4.2,0.27,45359,7.9,4544532,2010,-1.42808620413215,0.17886351005748102,1.1185932177005975,0.9828191744345932,-0.1372769936766346,0
North Carolina,NC,116000000000,3.8,0.13,50588,12.1,9574293,2010,-0.853187204036146,1.850733114452342,0.6383041590056231,-0.4977549046992981,0.3810544537864465,4
North Dakota,ND,9420000000,2.01,0.12,58870,5.0,674710,2010,0.05737189307517653,-0.9755226453580185,-1.5109893786543853,-0.6035101960660048,0.531705269885557,3
Nebraska,NE,3540000000,2.95,0.21,60599,5.7,1829536,2010,0.2474656722233867,-0.6968777112922082,-0.38231009072119604,0.3482874262343538,-0.4498991912087919,3
Tennessee,TN,44000000000,4.28,0.16,44541,11.2,6355301,2010,-1.5180206814850916,1.4924753420820143,1.2146510294395922,-0.18048903059917862,-0.0427469352449045,0
New York,NY,37200000000,2.35,0.34,57456,9.6,19400080,2010,-0.09808941618773219,0.8555726356458769,-1.102743678763657,1.7231062140015387,-0.4513192808056774,2
Pennsylvania,PA,56800000000,2.54,0.11,55763,9.5,12711158,2010,-0.2842251987776222,0.8157662164936185,-0.8746063758835445,-0.7092654874327112,-0.24310894337634367,4
Alaska,AK,1670000000,3.45,0.26,66767,9.3,713906,2010,0.9256024158822417,0.7361533781891015,0.21805123264752135,0.8770638830678866,-0.4168983696112129,2
Nevada,NV,13500000000,3.44,0.41,59094,15.3,2702464,2010,0.08199942721583534,3.1245385273246176,0.2060440061801467,2.463393253568484,-0.2001016488364442,2
New Hampshire,NH,3710000000,2.39,0.12,76907,7.3,1316777,2010,2.0404381131424216,-0.059975004856070796,-1.0547147728941597,-0.6035101960660048,-0.3778646512867161,3
Washington,WA,109000000000,4.01,0.34,64822,10.9,6742902,2010,0.7117606573841105,1.373056084625239,0.8904559148204844,1.7231062140015387,0.7115607493046443,2
Delaware,DE,3030000000,4.08,0.11,63727,9.3,899595,2010,0.5913715954018721,0.7361533781891015,0.9745065000921052,-0.7092654874327112,-0.33291721002296737,0
Wisconsin,WI,14300000000,2.76,0.11,58114,10.0,5690479,2010,-0.025746034649546945,1.0147983122549113,-0.6104473936013092,-0.7092654874327112,-0.4027189987419293,4
West Virginia,WV,84200000000,2.53,0.12,49372,9.8,1854214,2010,-0.9868795322282937,0.9351854739503945,-0.8866136023509191,-0.6035101960660048,3.0985084658976065,4
Hawaii,HI,2920000000,3.61,0.43,68719,7.0,1363963,2010,1.1402137848222684,-0.17939426231284653,0.41016685612551057,2.6749038363018967,-0.43309349614007703,2
Massachusetts,MA,11900000000,2.82,0.25,70329,9.6,6566431,2010,1.3172241864582537,0.8555726356458769,-0.538404034797063,0.7713085917011799,-0.45991134075567136,2
Florida,FL,694000000000,4.09,0.31,50860,11.5,18845785,2010,-0.8232823411510602,1.6118945995387906,0.9865137265594792,1.405840339901419,2.3978185764977953,0
Wyoming,WY,1420000000,2.65,0.1,60249,8.7,564483,2010,0.2089851501286073,0.49731486327554936,-0.7425268847424268,-0.8150207787994177,-0.4025062395942925,4
Maine,ME,4500000000,2.6,0.18,55321,9.5,1327632,2010,-0.33282060096588645,0.8157662164936185,-0.8025630170792983,0.03102155213423431,-0.33117781307446653,4
Maryland,MD,19300000000,3.54,0.19,74100,8.2,5788642,2010,1.731824325942291,0.29828276751425636,0.3261162708538903,0.1367768435009409,-0.33569773320131147,3
Oklahoma,OK,18700000000,3.92,0.14,49749,7.9,3759632,2010,-0.9454305127147743,0.17886351005748102,0.7823908766141154,-0.39199961333259153,-0.20186055361515073,0
Ohio,OH,47300000000,3.58,0.11,52961,11.6,11539327,2010,-0.5922892642335418,1.651701018691049,0.37414517672338776,-0.7092654874327112,-0.273266347652265,4
Utah,UT,9170000000,3.4,0.12,65443,8.4,2775334,2010,0.7800360980151334,0.377895605818774,0.15801510031064928,-0.6035101960660048,-0.3381470031673031,3
Missouri,MO,29000000000,3.81,0.14,52881,10.3,5995976,2010,-0.6010848121409199,1.1342175697116876,0.6503113854729977,-0.39199961333259153,-0.21306801186863533,4
Minnesota,MN,9450000000,2.8,0.15,60388,8.7,5310843,2010,0.22426741461767682,0.49731486327554936,-0.5624184877318117,-0.28624432196588523,-0.46259410269136414,4
Michigan,MI,43000000000,3.24,0.13,53411,14.4,9877535,2010,-0.5428143072545396,2.76628075495429,-0.03410052316733993,-0.4977549046992981,-0.2525116495211974,4
Rhode Island,RI,2420000000,2.81,0.12,59582,12.8,1053938,2010,0.13565226945084202,2.1293780485181526,-0.5504112612644371,-0.6035101960660048,-0.4204156096758353,4
Kansas,KS,26100000000,3.49,0.07,53155,7.9,2858213,2010,-0.5709600605581497,0.17886351005748102,0.2660801385170188,-1.1322866528995372,0.13748666153128142,0
Montana,MT,3860000000,2.84,0.16,47645,8.2,990722,2010,-1.1767534226788194,0.29828276751425636,-0.5143895818623143,-0.18048903059917862,-0.2898250393209101,4
Mississippi,MS,20300000000,3.25,0.09,44044,12.0,2970536,2010,-1.5726630228596783,1.8109266953000835,-0.022093296699965834,-0.9207760701661243,-0.050057622884620644,4
South Carolina,SC,174000000000,4.51,0.1,48127,12.4,4635656,2010,-1.1237602465368661,1.970152371909118,1.4908172381892018,-0.8150207787994177,2.4557625047054095,0
Kentucky,KY,131000000000,2.8,0.15,47442,11.9,4348200,2010,-1.1990721254937915,1.771120276147825,-0.5624184877318117,-0.28624432196588523,1.8511493957650313,4
Oregon,OR,22900000000,3.29,0.51,58404,12.0,3837532,2010,0.006137826514698833,1.8109266953000835,0.025935609169531602,3.5209461672355498,-0.12077303281907907,2
South Dakota,SD,1290000000,2.13,0.09,52344,6.0,816165,2010,-0.6601249274691957,-0.5774584538354325,-1.366902661045893,-0.9207760701661243,-0.47882128661072476,3
Virginia,VA,23900000000,2.46,0.11,70062,6.9,8100469,2011,1.2878690453173791,-0.219200681465105,-0.9706641876225394,-0.7092654874327112,-0.3670124788456852,3
Colorado,CO,13000000000,2.91,0.3,65601,9.3,5121771,2011,0.7974073051322053,0.7361533781891015,-0.4303389965906935,1.3000850485347124,-0.4006609645297241,2
California,CA,756000000000,0.41,0.33,59713,12.7,37641823,2011,0.15005497914917373,2.0895716293658935,-3.4321456134342805,1.6173509226348322,1.0314179380974347,4
Alabama,AL,23400000000,3.99,0.12,47654,10.0,4798834,2011,-1.1757639235392394,1.0147983122549113,0.8664414618857362,-0.6035101960660048,-0.2098352842305355,0
Arkansas,AR,14500000000,4.24,0.12,46213,9.0,2940407,2011,-1.3341937302208884,0.6167341207323255,1.1666221235700949,-0.6035101960660048,-0.20533760794692132,0
Vermont,VT,1690000000,2.55,0.18,58029,6.9,626979,2011,-0.035091304301136224,-0.219200681465105,-0.8625991494161704,0.03102155213423431,-0.38782385362378,3
Illinois,IL,43600000000,3.1,0.11,56658,10.1,12867291,2011,-0.1858250065638292,1.0546047314071698,-0.20220169371058094,-0.7092654874327112,-0.33126407281350595,4
Georgia,GA,342000000000,4.02,0.21,51440,10.4,9801578,2011,-0.7595146188225688,1.174023988863946,0.9024631412878584,0.3482874262343538,2.240059301831343,0
Indiana,IN,21900000000,3.49,0.1,49730,9.8,6516045,2011,-0.9475194553427766,0.9351854739503945,0.2660801385170188,-0.8150207787994177,-0.33350877918080407,4
Iowa,IA,6000000000,2.61,0.1,56191,7.0,3066054,2011,-0.2371690174731491,-0.17939426231284653,-0.7905557906119243,-0.8150207787994177,-0.4481039063709929,3
Arizona,AZ,31300000000,3.89,0.16,54403,10.2,6473497,2011,-0.43374951320305066,1.0944111505594283,0.7463691972119926,-0.18048903059917862,-0.2131886360625733,4
Idaho,ID,4380000000,2.28,0.14,53102,10.1,1583828,2011,-0.5767871110467877,1.0546047314071698,-1.1867942640352778,-0.39199961333259153,-0.3821115933221372,4
Connecticut,CT,7370000000,2.43,0.12,73194,9.9,3588023,2011,1.6322147458912335,0.974991893102653,-1.0066858670246621,-0.6035101960660048,-0.44017515178296013,3
New Jersey,NJ,96300000000,2.46,0.16,69751,10.0,8827783,2011,1.2536763528274466,1.0147983122549113,-0.9706641876225394,-0.18048903059917862,0.28253715027798204,4
New Mexico,NM,8620000000,4.11,0.17,46974,7.9,2080395,2011,-1.2505260807519536,0.17886351005748102,1.0105281794942285,-0.07473373923247201,-0.26964098334839537,0
Texas,TX,149000000000,3.89,0.14,54879,8.4,25646227,2011,-0.3814160031541507,0.377895605818774,0.7463691972119926,-0.39199961333259153,-0.13363258539933276,0
Louisiana,LA,31000000000,4.24,0.2,45493,8.5,4575184,2011,-1.4133536613872917,0.4177020249710325,1.1666221235700949,0.24253213486764752,-0.05479967841110793,0
North Carolina,NC,128000000000,3.84,0.13,50581,11.1,9656754,2011,-0.8539568144780415,1.4526689229297558,0.6863330648751206,-0.4977549046992981,0.47403459336473525,4
North Dakota,ND,7960000000,2.19,0.09,63063,4.4,685136,2011,0.5183685477706336,-1.21436116027157,-1.2948593022416468,-0.9207760701661243,0.3404370012049698,3
Nebraska,NE,3280000000,3.02,0.19,62229,5.2,1840538,2011,0.4266749608362164,-0.8959098070535012,-0.2982595054495758,0.1367768435009409,-0.4623729880678342,3
Tennessee,TN,59700000000,4.22,0.14,47306,10.2,6397410,2011,-1.2140245569363344,1.0944111505594283,1.1426076706353456,-0.39199961333259153,0.15383676093424722,0
New York,NY,58300000000,2.3,0.33,56657,8.9,19498514,2011,-0.18593495091267143,0.576927701580067,-1.1627798111005292,1.6173509226348322,-0.36378648076699777,2
Pennsylvania,PA,74100000000,2.59,0.12,55845,8.7,12744583,2011,-0.2752097621725596,0.49731486327554936,-0.814570243546673,-0.6035101960660048,-0.1332723592822055,4
Alaska,AK,1370000000,3.23,0.29,64260,8.8,722038,2011,0.6499719333347791,0.5371212824278085,-0.04610774963471455,1.1943297571680058,-0.4529607085057738,2
Nevada,NV,17700000000,3.15,0.34,52637,14.3,2712799,2011,-0.6279112332584232,2.7264743358020316,-0.14216556137370942,1.7231062140015387,-0.07529077911969492,4
New Hampshire,NH,3730000000,2.7,0.11,73714,6.2,1319815,2011,1.6893858072891914,-0.4978456155309153,-0.6824907524055548,-0.7092654874327112,-0.37715715611684014,3
Washington,WA,22900000000,3.88,0.3,63610,10.4,6821655,2011,0.5785081065873316,1.174023988863946,0.734361970744618,1.3000850485347124,-0.33383344393399667,2
Delaware,DE,3350000000,4.0,0.11,61160,8.1,907316,2011,0.30914445192387596,0.25847634836199795,0.8784486883531103,-0.7092654874327112,-0.30647044189086786,0
Wisconsin,WI,52400000000,2.7,0.1,58248,8.5,5704755,2011,-0.01101349190468855,0.4177020249710325,-0.6824907524055548,-0.8150207787994177,0.14187289342043113,4
West Virginia,WV,9660000000,2.4,0.12,46794,9.2,1856074,2011,-1.2703160635435544,0.6963469590368424,-1.0427075464267854,-0.6035101960660048,-0.18303567263611437,4
Hawaii,HI,50000000000,3.43,0.45,66068,6.7,1379252,2011,0.8487513160415251,-0.2988135197696222,0.1940367797127726,2.8864144190353103,2.350995513822738,2
Massachusetts,MA,12400000000,2.68,0.25,90842,8.6,6613149,2011,3.5725126142588524,0.45750844412329095,-0.7065052053403035,0.7713085917011799,-0.4547852892072948,2
Florida,FL,359000000000,4.03,0.3,50468,11.1,19093352,2011,-0.8663805258972131,1.4526689229297558,0.9144703677552336,1.3000850485347124,0.9268076493381012,0
Wyoming,WY,1550000000,2.49,0.18,60991,7.4,567224,2011,0.2905638569695396,-0.020168585703811984,-0.9346425082204161,0.03102155213423431,-0.384792399150332,3
Maine,ME,4320000000,2.67,0.18,55602,8.9,1328150,2011,-0.3019262389412207,0.576927701580067,-0.7185124318076781,0.03102155213423431,-0.34234730376417954,4
Maryland,MD,17300000000,3.35,0.17,77066,7.7,5838991,2011,2.0579192646083357,0.09925067175296375,0.09797896797377775,-0.07473373923247201,-0.3660008726044696,3
Oklahoma,OK,15700000000,3.83,0.12,54217,6.7,3787821,2011,-0.45419916208770483,-0.2988135197696222,0.6743258384077464,-0.6035101960660048,-0.269525139528893,0
Ohio,OH,44000000000,3.6,0.11,49957,10.0,11543463,2011,-0.922562088155591,1.0147983122549113,0.39815962965813645,-0.7092654874327112,-0.29671919609795355,4
Utah,UT,9140000000,3.18,0.11,62092,7.9,2814216,2011,0.41161258504483134,0.17886351005748102,-0.10614388197158608,-0.7092654874327112,-0.3427430317524062,3
Missouri,MO,49100000000,3.76,0.15,51217,9.7,6009641,2011,-0.7840322086143853,0.8953790547981354,0.5902752531361256,-0.28624432196588523,0.059020038974900386,4
Minnesota,MN,11700000000,2.78,0.14,64695,7.6,5345668,2011,0.6977977250811477,0.05944425260070493,-0.5864329406665604,-0.39199961333259153,-0.4291865829960935,3
Michigan,MI,115000000000,2.99,0.13,54691,11.6,9881521,2011,-0.40208554073648933,1.651701018691049,-0.3342811848516986,-0.4977549046992981,0.34204924161232353,4
Rhode Island,RI,2730000000,2.9,0.1,54864,12.3,1053536,2011,-0.3830651683867841,1.9303459527568596,-0.44234622305806814,-0.8150207787994177,-0.39632788036266325,4
Kansas,KS,60900000000,3.45,0.09,51634,7.5,2869035,2011,-0.7381854151471767,0.019637833448446475,0.21805123264752135,-0.9207760701661243,1.124676535732501,0
Montana,MT,4030000000,2.67,0.18,45066,8.1,997221,2011,-1.4602998983429225,0.25847634836199795,-0.7185124318076781,0.03102155213423431,-0.277983553593284,4
Mississippi,MS,22900000000,3.28,0.08,45976,11.0,2978470,2011,-1.360250540896496,1.4128625037774976,0.013928382702156976,-1.0265313615328306,0.019704564581863433,4
South Carolina,SC,177000000000,4.52,0.11,44850,11.1,4671422,2011,-1.4840478776928434,1.4526689229297558,1.5028244646565758,-0.7092654874327112,2.4847227017998867,0
Kentucky,KY,61600000000,2.96,0.14,44595,10.7,4369488,2011,-1.5120836866476113,1.2934432463207213,-0.370302864253822,-0.39199961333259153,0.542822434315394,4
Oregon,OR,16100000000,3.4,0.45,57653,10.7,3871728,2011,-0.0764303794658135,1.2934432463207213,0.15801510031064928,2.8864144190353103,-0.26842436323040963,2
South Dakota,SD,2210000000,2.11,0.1,52838,5.6,823484,2011,-0.6058124191411356,-0.736684130444467,-1.3909171139806418,-0.8150207787994177,-0.3887825251980949,3
Virginia,VA,45800000000,2.37,0.1,70818,6.4,8185229,2012,1.3709869730421025,-0.41823277722639796,-1.0787292258289083,-0.8150207787994177,-0.1511298068857899,3
Colorado,CO,14400000000,2.99,0.32,62735,8.8,5193721,2012,0.4823068013503832,0.5371212824278085,-0.3342811848516986,1.5115956312681256,-0.3815299052309033,2
California,CA,950000000000,0.42,0.32,62477,11.4,37960782,2012,0.45394115934908863,1.572088180386532,-3.4201383869669066,1.5115956312681256,1.4347624432676302,4
Alabama,AL,130000000000,3.77,0.11,47624,7.7,4815564,2012,-1.1790622540045061,0.09925067175296375,0.6022824796035003,-0.7092654874327112,1.5955499345263648,0
Arkansas,AR,12100000000,4.17,0.14,42752,8.3,2952109,2012,-1.7147111215638353,0.33808918666651555,1.0825715382984742,-0.39199961333259153,-0.27328766929476683,0
Vermont,VT,1760000000,2.64,0.19,60901,5.8,626063,2012,0.2806688655737392,-0.6570712921399497,-0.754534111209801,0.1367768435009409,-0.3783761377041008,3
Illinois,IL,41200000000,3.0,0.11,56690,9.7,12884119,2012,-0.18230678740087794,0.8953790547981354,-0.32227395838432454,-0.7092654874327112,-0.34682897486818376,4
Georgia,GA,302000000000,3.81,0.21,51276,9.6,9901496,2012,-0.777545492032694,0.8555726356458769,0.6503113854729977,0.3482874262343538,1.8815960095587576,0
Indiana,IN,20100000000,3.37,0.1,50575,9.1,6537640,2012,-0.854616480571095,0.6565405398845839,0.12199342090852647,-0.8150207787994177,-0.35688700526610395,4
Iowa,IA,5310000000,2.55,0.1,58557,6.2,3076097,2012,0.022959311887559536,-0.4978456155309153,-0.8625991494161704,-0.8150207787994177,-0.46693339408624024,3
Arizona,AZ,30500000000,3.83,0.17,51546,8.8,6556629,2012,-0.7478605178452926,0.5371212824278085,0.6743258384077464,-0.07473373923247201,-0.22815094578760994,0
Idaho,ID,5310000000,2.2,0.12,52508,8.7,1595441,2012,-0.6420940542590705,0.49731486327554936,-1.282852075774272,-0.6035101960660048,-0.3361778123788921,4
Connecticut,CT,7050000000,2.43,0.12,70396,8.8,3594395,2012,1.3245904578306829,0.5371212824278085,-1.0066858670246621,-0.6035101960660048,-0.4477387087947002,3
New Jersey,NJ,37400000000,2.34,0.15,73075,9.7,8845483,2012,1.6191313683790085,0.8953790547981354,-1.1147509052310316,-0.28624432196588523,-0.2627276076319518,3
New Mexico,NM,9050000000,4.16,0.16,47580,7.2,2087549,2012,-1.1838998053535643,-0.09978142400832925,1.0705643118311001,-0.18048903059917862,-0.25398775437433413,0
Texas,TX,82400000000,3.77,0.13,56896,7.5,26089620,2012,-0.1596582515393792,0.019637833448446475,0.6022824796035003,-0.4977549046992981,-0.35004403132799855,0
Louisiana,LA,20200000000,4.03,0.17,42826,7.6,4600814,2012,-1.7065752397495104,0.05944425260070493,0.9144703677552336,-0.07473373923247201,-0.2494742262188671,0
North Carolina,NC,116000000000,3.72,0.14,45530,10.1,9749123,2012,-1.4092857204801292,1.0546047314071698,0.5422463472666288,-0.39199961333259153,0.3633209724194246,4
North Dakota,ND,8370000000,2.28,0.1,61103,3.9,701116,2012,0.302877624039869,-1.413393256032863,-1.1867942640352778,-0.8150207787994177,0.3665534147014482,3
Nebraska,NE,4050000000,3.02,0.2,57191,4.6,1853323,2012,-0.1272246686309223,-1.134748321967053,-0.2982595054495758,0.24253213486764752,-0.42946605765547746,3
Tennessee,TN,48300000000,4.02,0.15,47110,8.8,6451281,2012,-1.2355736493094107,0.5371212824278085,0.9024631412878584,-0.28624432196588523,0.0032480079871953778,0
New York,NY,43500000000,2.32,0.36,52243,9.1,19574549,2012,-0.6712293067022606,0.6565405398845839,-1.1387653581657804,1.9346167967349515,-0.42644537687410805,2
Pennsylvania,PA,76400000000,2.52,0.12,56871,8.2,12766827,2012,-0.16240686026043488,0.29828276751425636,-0.8986208288182932,-0.6035101960660048,-0.11939512942370116,4
Alaska,AK,1500000000,3.35,0.26,69739,8.1,730399,2012,1.2523570206413397,0.25847634836199795,0.09797896797377775,0.8770638830678866,-0.4402064868790092,2
Nevada,NV,41100000000,3.43,0.31,51863,12.4,2744566,2012,-0.7130081592623068,1.970152371909118,0.1940367797127726,1.405840339901419,0.6144256230610096,4
New Hampshire,NH,3800000000,2.64,0.11,74310,5.9,1323962,2012,1.7549126391991585,-0.617264872987691,-0.754534111209801,-0.7092654874327112,-0.37356433246449067,3
Washington,WA,26900000000,3.99,0.3,68139,9.3,6892876,2012,1.0764460624937768,0.7361533781891015,0.8664414618857362,1.3000850485347124,-0.2893001028716901,2
Delaware,DE,5510000000,3.91,0.11,53659,7.5,915188,2012,-0.5155481087416675,0.019637833448446475,0.7703836501467413,-0.7092654874327112,-0.11642730433828301,0
Wisconsin,WI,61700000000,2.75,0.11,58159,7.7,5719855,2012,-0.020798538951646735,0.09925067175296375,-0.6224546200686832,-0.7092654874327112,0.2725996494857488,4
West Virginia,WV,15300000000,2.72,0.13,47721,7.8,1856764,2012,-1.1683976521668102,0.1390570909052222,-0.6584762994708061,-0.4977549046992981,0.06472826953127728,4
Hawaii,HI,53600000000,3.35,0.45,61645,6.3,1394905,2012,0.36246746111235595,-0.4580391963786568,0.09797896797377775,2.8864144190353103,2.5284374790632276,2
Massachusetts,MA,12200000000,2.56,0.26,69748,7.5,6663158,2012,1.25334651978092,0.019637833448446475,-0.8505919229487958,0.8770638830678866,-0.45838376756886373,2
Florida,FL,159000000000,3.76,0.29,50480,9.3,19326230,2012,-0.8650611937111065,0.7361533781891015,0.5902752531361256,1.1943297571680058,0.06366870346075364,0
Wyoming,WY,2030000000,2.5,0.31,63016,6.6,576270,2012,0.513201163375049,-0.3386199389218811,-0.922635281753042,1.405840339901419,-0.32030933241300036,2
Maine,ME,4340000000,2.64,0.18,53863,8.4,1327691,2012,-0.49311946157785314,0.377895605818774,-0.754534111209801,0.03102155213423431,-0.34102603363204087,4
Maryland,MD,42500000000,3.23,0.16,78711,7.2,5887072,2012,2.238777718453799,-0.09978142400832925,-0.04610774963471455,-0.18048903059917862,-0.018599549478486552,3
Oklahoma,OK,12000000000,3.9,0.13,53040,5.9,3818600,2012,-0.5836036606750058,-0.617264872987691,0.7583764236793666,-0.4977549046992981,-0.35133616417417274,0
Ohio,OH,43800000000,3.51,0.12,48622,8.5,11548369,2012,-1.069337793859964,0.4177020249710325,0.29009459145176697,-0.6035101960660048,-0.29826487993020034,0
Utah,UT,10300000000,3.23,0.12,63924,6.3,2853467,2012,0.6130306321237908,-0.4580391963786568,-0.04610774963471455,-0.6035101960660048,-0.31320930486568854,3
Missouri,MO,71600000000,3.77,0.17,54527,7.6,6024081,2012,-0.42011641394661453,0.05944425260070493,0.6022824796035003,-0.07473373923247201,0.36227006020976577,0
Minnesota,MN,8420000000,2.8,0.14,67709,6.5,5376550,2012,1.0291699924916193,-0.37842635807413955,-0.5624184877318117,-0.39199961333259153,-0.4800049881161142,3
Michigan,MI,33700000000,2.97,0.13,54802,10.0,9896930,2012,-0.38988171801500215,1.0147983122549113,-0.35829563778644735,-0.4977549046992981,-0.32990432067377484,4
Rhode Island,RI,3330000000,2.82,0.12,61431,11.6,1054601,2012,0.3389393704601194,1.651701018691049,-0.538404034797063,-0.6035101960660048,-0.3501054005611403,4
Kansas,KS,18400000000,3.51,0.09,54788,6.3,2885361,2012,-0.3914209388987933,-0.4580391963786568,0.29009459145176697,-0.9207760701661243,-0.08733843172076693,0
Montana,MT,3540000000,2.88,0.18,49403,7.2,1003754,2012,-0.9834712574141847,-0.09978142400832925,-0.46636067599281683,0.03102155213423431,-0.31997418525016225,4
Mississippi,MS,22800000000,3.07,0.08,40148,10.0,2983767,2012,-2.0010062059489937,1.0147983122549113,-0.23822337311270428,-1.0265313615328306,0.015855086135010008,4
South Carolina,SC,202000000000,4.4,0.1,48650,9.9,4717112,2012,-1.0662593520923815,0.974991893102653,1.3587377470480846,-0.8150207787994177,2.887337989574972,0
Kentucky,KY,21800000000,2.8,0.12,45018,9.2,4386381,2012,-1.4655772270873493,0.6963469590368424,-0.5624184877318117,-0.6035101960660048,-0.20218397367247484,4
Oregon,OR,17300000000,3.49,0.41,56730,9.8,3899118,2012,-0.17790901344718885,0.9351854739503945,0.2660801385170188,2.463393253568484,-0.24568926304299263,2
South Dakota,SD,1930000000,2.38,0.1,54144,4.9,833496,2012,-0.4622250995531874,-1.015329064510277,-1.0667219993615342,-0.8150207787994177,-0.41883238030982106,3
