fips,opioid_factor,year
1127,270000.0,2007
3651,93500.0,2007
12133,26250.0,2007
363,195000.0,2007
3677,371750.0,2007
51600,2279750.0,2007
3421,49000.0,2007
1271,860250.0,2007
51147,20000.0,2007
3783,12500.0,2007
5471,83000.0,2007
1865,1000.0,2007
17141,55250.0,2007
1885,1000.0,2007
2847,750.0,2007
3613,4189500.0,2007
3611,118750.0,2007
3621,734725.0,2007
135,3750.0,2007
3699,472000.0,2007
4217,243000.0,2007
3667,1770000.0,2007
48157,120000.0,2007
341,43500.0,2007
2447,1148250.0,2007
2419,782750.0,2007
13253,7500.0,2007
1683,180000.0,2007
42107,377000.0,2007
3653,346750.0,2007
3415,160875.0,2007
5015,23500.0,2007
17113,12500.0,2007
51127,7250.0,2007
4289,3562250.0,2007
13277,43750.0,2007
1891,60500.0,2007
5023,177500.0,2007
3631,197535.0,2007
2445,3120500.0,2007
2521,447750.0,2007
91,32000.0,2007
1731,848750.0,2007
17111,86250.0,2007
51171,34500.0,2007
3635,32000.0,2007
3425,133250.0,2007
519,3000.0,2007
4283,19000.0,2007
3791,2750.0,2007
3429,43250.0,2007
21111,750.0,2007
51153,1321250.0,2007
2527,70000.0,2007
5525,3000.0,2007
5113,366750.0,2007
51121,142975.0,2007
5447,1279000.0,2007
183,15250.0,2007
3623,280500.0,2007
1881,7500.0,2007
5151,60100.0,2007
339,500.0,2007
4291,463900.0,2007
3441,70500.0,2007
4237,499565.0,2007
2625,122500.0,2007
673,2.66961368E7,2007
42101,47000.0,2007
187,12000.0,2007
48141,5000.0,2007
347,791500.0,2007
4159,535.0,2007
51125,18000.0,2007
2515,50500.0,2007
51141,135250.0,2007
3993,332133.55,2007
18167,1152000.0,2007
517,13500.0,2007
1269,11225.0,2007
5161,377000.0,2007
369,61000.0,2007
5185,414000.0,2007
3673,75500.0,2007
5127,212000.0,2007
3427,43250.0,2007
3657,102635.0,2007
3941,52500.0,2007
36109,149000.0,2007
18131,23000.0,2007
40109,1500.0,2007
51143,2500.0,2007
36119,2737960.0,2007
543,187750.0,2007
3675,1154750.0,2007
13121,292000.0,2007
5427,21000.0,2007
333,100000.0,2007
4211,337500.0,2007
42109,167500.0,2007
4235,1002250.0,2007
5171,326750.0,2007
3949,1513635.0,2007
3961,4000.0,2007
3413,255250.0,2007
4269,2248750.0,2007
2429,201000.0,2007
5173,733475.0,2007
17123,1750.0,2007
12105,682000.0,2007
121,5000.0,2007
4251,1000.0,2007
17105,163500.0,2007
1889,514975.0,2007
507,933960.0,2007
55135,25000.0,2007
51101,93500.0,2007
42117,216750.0,2007
3639,318750.0,2007
423,90500.0,2007
27157,8000.0,2007
42131,35500.0,2007
105,4845250.0,2007
3655,3782015.0,2007
36111,838725.0,2007
4957,5000.0,2007
18169,10000.0,2007
349,12500.0,2007
367,2028865.0,2007
37155,36000.0,2007
3435,144000.0,2007
1811,30000.0,2007
1393,750.0,2007
1387,35000.0,2007
3697,33250.0,2007
39103,86650.0,2007
51167,770000.0,2007
3659,1.027055355E7,2007
29135,3250.0,2007
4241,91475.0,2007
48439,3000.0,2007
1873,188283.55,2007
51195,499000.0,2007
3417,72000.0,2007
1291,125000.0,2007
345,79250.0,2007
39143,33500.0,2007
1757,4000.0,2007
3669,660000.0,2007
13285,1000.0,2007
1371,27500.0,2007
4119,48750.0,2007
15,10000.0,2007
51187,656250.0,2007
39157,89750.0,2007
5363,20000.0,2007
3643,381750.0,2007
4229,5000.0,2007
659,1.24322842E7,2007
3629,2334815.0,2007
12101,991750.0,2007
3937,500.0,2007
51191,29750.0,2007
39169,15500.0,2007
5025,213500.0,2007
1775,45000.0,2007
637,2.605310195E7,2007
5579,90975.0,2007
42133,132250.0,2007
51155,66000.0,2007
503,119740.0,2007
5121,17000.0,2007
3637,349250.0,2007
2525,44500.0,2007
3693,730250.0,2007
3423,80320.0,2007
36121,87000.0,2007
27113,5000.0,2007
1791,176750.0,2007
671,5871593.55,2007
21227,40000.0,2007
161,55625.0,2007
3319,3750.0,2007
51173,49500.0,2007
2329,500.0,2007
13315,11250.0,2007
2517,6044750.0,2007
2999,9000.0,2007
51133,108750.0,2007
3695,81760.0,2007
2441,257900.0,2007
42119,240250.0,2007
2427,908500.0,2007
36105,804500.0,2007
4139,16000.0,2007
2439,91000.0,2007
39129,1000.0,2007
3439,199250.0,2007
18137,3750.0,2007
3679,310983.55,2007
3945,22500.0,2007
237,414325.0,2007
5167,6750.0,2007
18109,2000.0,2007
18111,645000.0,2007
1817,750.0,2007
5193,9000.0,2007
1853,29925.0,2007
3687,1221000.0,2007
26139,640000.0,2007
55139,2500.0,2007
1293,750.0,2007
683,4547000.0,2007
249,494000.0,2007
36115,98500.0,2007
241,794000.0,2007
5137,517750.0,2007
51177,435500.0,2007
48201,1705000.0,2007
1231,20250.0,2007
5353,18000.0,2007
4281,1147958.55,2007
4277,307000.0,2007
39147,250000.0,2007
13193,750.0,2007
5423,73250.0,2007
4225,94750.0,2007
421,23500.0,2007
3633,241250.0,2007
48397,20000.0,2007
17203,500.0,2007
1369,383750.0,2007
51197,406250.0,2007
21235,10000.0,2007
36107,119750.0,2007
5455,1213500.0,2007
5133,442250.0,2007
51161,341000.0,2007
48499,10000.0,2007
1286,4500.0,2007
3977,41000.0,2007
5169,520250.0,2007
5021,23785.0,2007
5469,250000.0,2007
235,52500.0,2007
4297,2460260.0,2007
3617,171500.0,2007
3731,98000.0,2007
5187,456750.0,2007
5175,49750.0,2007
513,36000.0,2007
3615,288750.0,2007
39109,750.0,2007
243,6014500.0,2007
18157,5000.0,2007
3431,84000.0,2007
2431,4553810.0,2007
169,25675.0,2007
361,1493250.0,2007
259,414065.0,2007
1843,250000.0,2007
2421,4200750.0,2007
36103,1.446681855E7,2007
13233,57500.0,2007
413,241875.0,2007
1113,5000.0,2007
101,1633725.0,2007
3665,808600.0,2007
5189,100000.0,2007
1789,189500.0,2007
4245,782000.0,2007
3683,187975.0,2007
665,4337733.55,2007
5431,62500.0,2007
3619,1061535.0,2007
505,126250.0,2007
5561,14000.0,2007
225,18750.0,2007
3691,515825.0,2007
2251,10000.0,2007
39113,3250.0,2007
5011,39500.0,2007
2411,522500.0,2007
1899,12500.0,2007
5457,367500.0,2007
1257,419500.0,2007
5465,170000.0,2007
39167,4000.0,2007
5123,36000.0,2007
4275,151750.0,2007
13275,18250.0,2007
429,4000.0,2007
2413,2074250.0,2007
51520,50000.0,2007
5119,27000.0,2007
1815,7000.0,2007
4793,4000.0,2007
51760,9500.0,2007
4271,500000.0,2007
3985,121750.0,2007
1857,750.0,2007
5545,4500.0,2007
48113,500.0,2007
4255,96750.0,2007
509,8000.0,2007
2319,2744000.0,2007
42115,28500.0,2007
39165,41000.0,2007
39139,43650.0,2007
17155,3750.0,2007
1937,2500.0,2007
5019,160760.0,2007
2423,151500.0,2007
629,6730000.0,2007
501,123500.0,2007
1737,5000.0,2007
4729,2500.0,2007
39133,8250.0,2007
6111,3380610.0,2007
5437,50000.0,2007
42127,564555.0,2007
1211,727000.0,2007
627,503250.0,2007
253,421500.0,2007
511,25000.0,2007
51775,67250.0,2007
3645,472500.0,2007
42103,539000.0,2007
55111,93250.0,2007
37181,18000.0,2007
51107,1242250.0,2007
1743,328000.0,2007
4279,4516299.2,2007
397,71750.0,2007
177,102500.0,2007
17179,750.0,2007
51193,226250.0,2007
5125,4500.0,2007
4151,3750.0,2007
3311,62000.0,2007
3437,77983.55,2007
36117,473750.0,2007
3625,867035.0,2007
415,27000.0,2007
36101,69250.0,2007
395,750.0,2007
3419,119000.0,2007
51131,77000.0,2007
3649,97250.0,2007
2699,36000.0,2007
245,1.676450855E7,2007
3943,142400.0,2007
3955,11225.0,2007
343,254225.0,2007
3957,6000.0,2007
1753,7500.0,2007
51139,230900.0,2007
36113,120953.9,2007
1799,5000.0,2007
4293,382565.0,2007
55133,67500.0,2007
4295,789250.0,2007
1763,19500.0,2007
3663,774650.0,2007
103,2048250.0,2007
3919,90750.0,2007
625,208035.0,2007
5521,750.0,2007
3223,278250.0,2007
129,225.0,2007
17197,627200.0,2007
51165,54250.0,2007
4117,36000.0,2007
39131,2500.0,2007
2417,2345750.0,2007
519,12750.0,2007
51103,165000.0,2007
1317,11250.0,2007
1897,81250.0,2007
39153,48250.0,2007
13287,27500.0,2007
51179,194500.0,2007
13321,3000.0,2007
18127,109000.0,2007
1221,18000.0,2007
911,30750.0,2007
5195,239250.0,2007
5115,537500.0,2007
51117,492000.0,2007
51199,1817750.0,2007
5141,546250.0,2007
5147,287750.0,2007
323,4.6111815E7,2007
5181,38750.0,2007
5027,36435.0,2007
51185,764500.0,2007
679,1147483.55,2007
48245,11000.0,2007
39151,42725.0,2007
2425,13250.0,2007
2443,1033500.0,2007
3671,1134250.0,2007
3935,461700.0,2007
2817,33750.0,2007
13131,15000.0,2007
1299,798000.0,2007
12103,5076285.0,2007
1845,82000.0,2007
3627,1821325.0,2007
1313,76500.0,2007
1381,750.0,2007
4215,519000.0,2007
36123,94750.0,2007
5017,4750.0,2007
3651,392500.0,2008
12133,10000.0,2008
363,349000.0,2008
3677,555750.0,2008
51600,2691500.0,2008
3421,2248750.0,2008
51147,9500.0,2008
17195,20750.0,2008
3783,17500.0,2008
5471,438900.0,2008
1865,8500.0,2008
17141,36750.0,2008
139,80000.0,2008
3611,118250.0,2008
3621,1459450.0,2008
507,785905.0,2008
3699,15250.0,2008
4217,5120850.0,2008
3667,3014650.0,2008
341,1623750.0,2008
2447,879750.0,2008
2419,1367250.0,2008
1831,6000.0,2008
13253,8750.0,2008
42107,3239975.0,2008
3653,439750.0,2008
3415,2910665.0,2008
5015,182000.0,2008
17113,27500.0,2008
51127,154500.0,2008
4289,6124000.0,2008
13277,43000.0,2008
1891,42250.0,2008
5023,150750.0,2008
3631,100750.0,2008
2445,4547250.0,2008
2521,307000.0,2008
51105,37750.0,2008
1731,1185450.0,2008
39135,10000.0,2008
51171,63750.0,2008
3635,104750.0,2008
3425,2770725.0,2008
429,60500.0,2008
235,34565.0,2008
2527,133184.2,2008
5113,417500.0,2008
5447,218233.55,2008
183,12750.0,2008
3623,398750.0,2008
1881,108150.0,2008
5151,30000.0,2008
339,1000.0,2008
4291,7502580.0,2008
3441,636000.0,2008
4237,430000.0,2008
39151,62725.0,2008
55103,68250.0,2008
673,7.61685E7,2008
51520,21000.0,2008
42101,7952250.0,2008
187,67500.0,2008
51125,88250.0,2008
2515,130000.0,2008
51141,195750.0,2008
5127,148750.0,2008
3993,607025.0,2008
517,30500.0,2008
5161,635250.0,2008
369,121000.0,2008
28153,45000.0,2008
5185,172000.0,2008
3673,98250.0,2008
3411,555565.0,2008
3427,3344000.0,2008
3657,266250.0,2008
4821,3750.0,2008
36109,481000.0,2008
18131,23250.0,2008
36119,2828785.0,2008
543,361000.0,2008
3413,4399000.0,2008
3675,1068500.0,2008
3941,48000.0,2008
13295,45000.0,2008
333,60250.0,2008
1797,73250.0,2008
1321,270000.0,2008
51191,103500.0,2008
1263,22500.0,2008
4211,3377995.0,2008
42109,85500.0,2008
4235,1708500.0,2008
48277,63750.0,2008
5171,232725.0,2008
3949,194500.0,2008
1351,3750.0,2008
3613,425750.0,2008
4269,3709159.2,2008
2429,139000.0,2008
5173,1287250.0,2008
17123,15750.0,2008
121,5000.0,2008
17105,189750.0,2008
1729,500.0,2008
1889,296400.0,2008
135,3750.0,2008
55135,18000.0,2008
51101,43750.0,2008
13235,8750.0,2008
42117,619000.0,2008
3639,804500.0,2008
27157,10000.0,2008
36101,120000.0,2008
42131,114500.0,2008
105,1.4159535E7,2008
36111,652200.0,2008
40119,3750.0,2008
349,708725.0,2008
367,2231475.0,2008
5157,53750.0,2008
39139,43225.0,2008
1737,15250.0,2008
323,1.312532475E7,2008
1387,15000.0,2008
3697,32500.0,2008
39103,54000.0,2008
51167,783750.0,2008
3659,1.2995385E7,2008
4241,340250.0,2008
5427,217250.0,2008
393,3750.0,2008
1873,220950.0,2008
51195,161750.0,2008
3417,398810.0,2008
345,2661250.0,2008
39143,9750.0,2008
1757,750.0,2008
3669,644975.0,2008
1371,60225.0,2008
15,10000.0,2008
51187,1039000.0,2008
39157,99500.0,2008
4757,5000.0,2008
3643,687500.0,2008
4229,1464288.55,2008
659,1.280580775E7,2008
3629,1384510.0,2008
3615,49250.0,2008
39169,25750.0,2008
5025,180500.0,2008
1775,292250.0,2008
637,2.80862197E7,2008
5579,12000.0,2008
42133,811475.0,2008
51155,81450.0,2008
503,274500.0,2008
5121,1015500.0,2008
3637,481000.0,2008
3693,787500.0,2008
3423,2838680.0,2008
1791,98750.0,2008
671,8303858.55,2008
17203,122250.0,2008
161,3750.0,2008
3319,6250.0,2008
1773,18750.0,2008
1789,212250.0,2008
2329,135000.0,2008
13315,5750.0,2008
2517,950750.0,2008
51133,32000.0,2008
3695,140500.0,2008
4271,76750.0,2008
42119,307750.0,2008
2427,2466250.0,2008
36105,1257250.0,2008
2439,37000.0,2008
3439,2249900.0,2008
3679,122733.55,2008
3945,66500.0,2008
237,57000.0,2008
13135,3750.0,2008
18109,1250.0,2008
18111,42500.0,2008
1817,66000.0,2008
5193,4000.0,2008
1853,45750.0,2008
3687,1652250.0,2008
683,8075660.0,2008
249,201250.0,2008
36115,676340.0,2008
241,567500.0,2008
5137,87000.0,2008
51177,497500.0,2008
48201,105000.0,2008
3317,16500.0,2008
347,5850140.0,2008
4281,1300250.0,2008
167,20000.0,2008
4277,3342315.0,2008
5423,536000.0,2008
4225,366500.0,2008
421,98500.0,2008
3633,167250.0,2008
91,120000.0,2008
131,33750.0,2008
1369,7750.0,2008
51197,1926750.0,2008
36107,192000.0,2008
5455,1458000.0,2008
5133,18000.0,2008
51161,192500.0,2008
3977,98725.0,2008
5169,140500.0,2008
5021,87750.0,2008
3997,3750.0,2008
3313,145250.0,2008
4297,3585975.0,2008
13205,12500.0,2008
3617,138500.0,2008
5187,755250.0,2008
5175,231000.0,2008
513,27500.0,2008
243,6690750.0,2008
1835,2500.0,2008
18157,500.0,2008
3431,3873184.2,2008
2431,6552390.0,2008
169,5000.0,2008
361,2297510.0,2008
259,204740.0,2008
2421,2107250.0,2008
36103,9272130.0,2008
13233,55000.0,2008
51173,14000.0,2008
413,397500.0,2008
1113,20750.0,2008
101,2186000.0,2008
3665,1488060.0,2008
39175,189750.0,2008
5189,57100.0,2008
4245,3699000.0,2008
28121,3000.0,2008
3683,805975.0,2008
51199,203500.0,2008
5431,12500.0,2008
13313,5000.0,2008
3619,1167125.0,2008
505,99750.0,2008
5561,5250.0,2008
3691,932825.0,2008
39113,10500.0,2008
5011,364500.0,2008
2411,1799950.0,2008
5457,869500.0,2008
5181,16750.0,2008
5465,566500.0,2008
5123,30000.0,2008
4275,65750.0,2008
133,11250.0,2008
13275,27250.0,2008
4283,30000.0,2008
2413,1605500.0,2008
3429,3857725.0,2008
5119,516000.0,2008
1815,20500.0,2008
51760,9500.0,2008
2441,445750.0,2008
3985,264750.0,2008
4255,340750.0,2008
2319,4535500.0,2008
42115,7750.0,2008
39165,33500.0,2008
17155,13750.0,2008
3925,5000.0,2008
5019,144000.0,2008
2423,19500.0,2008
629,3476233.55,2008
501,65785.0,2008
51153,1406500.0,2008
39133,33750.0,2008
51193,153500.0,2008
5437,12500.0,2008
42127,873750.0,2008
627,605750.0,2008
253,359000.0,2008
4591,3750.0,2008
511,8000.0,2008
5125,53250.0,2008
2991,7725.0,2008
3645,365500.0,2008
42103,800750.0,2008
55111,228750.0,2008
51107,1891250.0,2008
1743,148450.0,2008
4279,6298000.0,2008
397,28250.0,2008
1395,1000.0,2008
17179,7500.0,2008
6111,6748500.0,2008
51121,39250.0,2008
3435,605500.0,2008
3437,1228750.0,2008
3311,99250.0,2008
187,5000.0,2008
625,2500.0,2008
36117,284250.0,2008
3625,440659.2,2008
1863,3750.0,2008
395,5750.0,2008
3419,196500.0,2008
51131,9000.0,2008
3649,46500.0,2008
2425,75000.0,2008
245,1.957143355E7,2008
3943,141875.0,2008
2513,4000.0,2008
3955,24250.0,2008
343,5053465.0,2008
3957,5225.0,2008
95,4500.0,2008
1117,225.0,2008
51139,170500.0,2008
36113,533851.95,2008
13173,5000.0,2008
48203,500.0,2008
3915,11000.0,2008
4293,472500.0,2008
55133,9250.0,2008
4295,3427890.0,2008
1763,33000.0,2008
3663,1176250.0,2008
103,4392500.0,2008
3919,10000.0,2008
3655,6530725.0,2008
3223,229000.0,2008
17197,388250.0,2008
51165,322750.0,2008
2417,2235208.55,2008
3433,350000.0,2008
51103,18500.0,2008
1317,16250.0,2008
1897,72725.0,2008
39153,62500.0,2008
13287,7500.0,2008
51179,209000.0,2008
51135,500.0,2008
18127,291750.0,2008
5195,130500.0,2008
13299,10000.0,2008
5115,490750.0,2008
665,4187217.1,2008
5141,916500.0,2008
5147,405000.0,2008
51775,191500.0,2008
17201,5500.0,2008
1257,125000.0,2008
5027,146018.55,2008
5163,4500.0,2008
51185,38000.0,2008
679,1204250.0,2008
2443,762225.0,2008
3671,1472250.0,2008
3935,312500.0,2008
13131,15000.0,2008
3627,2266342.1,2008
1313,30000.0,2008
5183,2000.0,2008
4215,146000.0,2008
36123,3000.0,2008
5017,5000.0,2008
2875,10000.0,2009
3651,215750.0,2009
363,280000.0,2009
4755,5000.0,2009
3677,896500.0,2009
51600,3342500.0,2009
3755,49250.0,2009
51147,58000.0,2009
17195,29000.0,2009
3783,25000.0,2009
5471,380250.0,2009
17141,90500.0,2009
139,120000.0,2009
3611,133750.0,2009
3621,544250.0,2009
507,1247750.0,2009
3957,27250.0,2009
3699,305750.0,2009
3667,2614640.0,2009
2447,1086750.0,2009
2419,381733.55,2009
1831,29500.0,2009
13253,13750.0,2009
42107,54000.0,2009
3653,327500.0,2009
5015,44000.0,2009
17113,12750.0,2009
51127,83250.0,2009
5131,2000.0,2009
13277,37225.0,2009
5023,307000.0,2009
3631,94750.0,2009
2445,4714733.55,2009
2521,38000.0,2009
51105,60500.0,2009
1731,1018750.0,2009
1365,125000.0,2009
8101,7500.0,2009
51171,268000.0,2009
39175,97000.0,2009
3635,155250.0,2009
429,217000.0,2009
3791,3250.0,2009
1737,31750.0,2009
2527,104500.0,2009
39117,22750.0,2009
5113,201250.0,2009
5447,230250.0,2009
517,87500.0,2009
3623,345500.0,2009
1881,10000.0,2009
5151,71101.95,2009
3441,4500.0,2009
4237,631000.0,2009
3749,4500.0,2009
39151,83775.0,2009
2413,4624000.0,2009
673,6.10360526E7,2009
187,33250.0,2009
39145,750.0,2009
51125,47500.0,2009
2515,132000.0,2009
51141,193750.0,2009
4285,10000.0,2009
3993,401650.0,2009
183,56250.0,2009
5161,416600.0,2009
369,116000.0,2009
5185,149500.0,2009
3673,114250.0,2009
5127,893250.0,2009
51111,10000.0,2009
3657,173000.0,2009
3941,40900.0,2009
36109,193750.0,2009
3427,3000.0,2009
36119,2993415.0,2009
543,67250.0,2009
55133,104000.0,2009
333,8500.0,2009
4551,5000.0,2009
1797,108000.0,2009
51191,375875.0,2009
1263,10000.0,2009
4211,6000.0,2009
42109,430250.0,2009
4235,1533483.55,2009
5171,157500.0,2009
3949,278750.0,2009
3613,223500.0,2009
4269,2679550.0,2009
145,80000.0,2009
2429,158800.0,2009
5173,355500.0,2009
17123,37500.0,2009
121,2500.0,2009
17105,81000.0,2009
1889,121475.0,2009
135,5000.0,2009
55135,8000.0,2009
51101,256000.0,2009
42117,368000.0,2009
3639,347500.0,2009
27157,41750.0,2009
36101,33000.0,2009
3629,1717025.0,2009
105,1.45152E7,2009
36111,645725.0,2009
40119,47500.0,2009
367,3025750.0,2009
5157,6750.0,2009
323,1.15449E7,2009
1387,42500.0,2009
3697,50000.0,2009
39103,82500.0,2009
51167,1532500.0,2009
1775,58750.0,2009
4241,622000.0,2009
5427,752500.0,2009
1865,7250.0,2009
51195,239750.0,2009
39143,8500.0,2009
3669,661475.0,2009
1371,55725.0,2009
15,17500.0,2009
51187,1807000.0,2009
39157,193000.0,2009
3643,808475.0,2009
659,1.11656465E7,2009
42131,193000.0,2009
3615,65250.0,2009
39169,10225.0,2009
5025,245500.0,2009
3659,1.553975E7,2009
637,4.23573742E7,2009
5579,241700.0,2009
131,3750.0,2009
42133,730500.0,2009
51155,135750.0,2009
503,387500.0,2009
5121,232000.0,2009
47173,18750.0,2009
3637,297250.0,2009
2525,13000.0,2009
3693,1669400.0,2009
1791,90250.0,2009
671,4233850.0,2009
17203,70000.0,2009
3319,3250.0,2009
1773,20000.0,2009
1789,73750.0,2009
2329,24000.0,2009
13315,2500.0,2009
2517,1706500.0,2009
51133,36750.0,2009
3695,149000.0,2009
2441,122750.0,2009
42119,227815.0,2009
2427,6212500.0,2009
36105,308250.0,2009
13185,17500.0,2009
2439,36225.0,2009
5557,4000.0,2009
39133,5650.0,2009
3679,248750.0,2009
3945,160750.0,2009
51750,4500.0,2009
5167,1750.0,2009
255,8000.0,2009
1817,19250.0,2009
5193,226250.0,2009
4289,7097140.0,2009
1853,119500.0,2009
3687,3038250.0,2009
683,1.2405E7,2009
249,578500.0,2009
36115,212200.0,2009
241,668250.0,2009
5137,85750.0,2009
51177,1070000.0,2009
48201,105000.0,2009
3317,16000.0,2009
4281,1701810.0,2009
5423,391000.0,2009
421,262250.0,2009
3633,308750.0,2009
91,143000.0,2009
1369,61250.0,2009
36107,157000.0,2009
5455,1820000.0,2009
5133,135000.0,2009
51161,589950.0,2009
3977,101400.0,2009
5169,509500.0,2009
5021,351500.0,2009
3313,25250.0,2009
4297,1278750.0,2009
51197,698750.0,2009
3617,337810.0,2009
5187,1212000.0,2009
5175,78000.0,2009
13153,26250.0,2009
243,6966040.0,2009
18157,10500.0,2009
3431,51000.0,2009
51137,10000.0,2009
2431,4375500.0,2009
93,3250.0,2009
12123,900.0,2009
17155,14250.0,2009
629,1273750.0,2009
361,1411750.0,2009
259,284250.0,2009
2421,1992250.0,2009
36103,1.28240513E7,2009
413,258780.0,2009
5425,10500.0,2009
1113,8000.0,2009
101,1037500.0,2009
3665,1004700.0,2009
5189,18250.0,2009
28121,20000.0,2009
3683,602465.0,2009
51199,276000.0,2009
5431,131250.0,2009
17143,5000.0,2009
3619,687750.0,2009
505,323000.0,2009
5561,9750.0,2009
3691,1594361.15,2009
39113,12500.0,2009
5011,13500.0,2009
2411,1256250.0,2009
5457,915000.0,2009
5465,15250.0,2009
5123,387000.0,2009
4275,4000.0,2009
133,3750.0,2009
13275,19000.0,2009
4283,111000.0,2009
55103,21000.0,2009
51520,184750.0,2009
1815,6250.0,2009
51760,17000.0,2009
3985,166700.0,2009
4255,958000.0,2009
13169,2500.0,2009
2319,4650250.0,2009
42115,81500.0,2009
39165,87525.0,2009
39139,106250.0,2009
3223,418500.0,2009
5019,87500.0,2009
2423,171500.0,2009
169,103750.0,2009
1391,3000.0,2009
37139,6000.0,2009
501,177250.0,2009
51153,2102950.0,2009
18137,47250.0,2009
6111,6969785.0,2009
5437,999500.0,2009
42127,949750.0,2009
627,905500.0,2009
253,696000.0,2009
511,25750.0,2009
51775,701500.0,2009
3645,298250.0,2009
42103,329140.0,2009
513,76500.0,2009
55111,73000.0,2009
51107,1533500.0,2009
1743,190200.0,2009
4279,4111042.75,2009
397,75000.0,2009
1375,5000.0,2009
3933,51250.0,2009
17179,5000.0,2009
51193,35750.0,2009
51121,367750.0,2009
5125,45000.0,2009
625,44483.55,2009
3311,125500.0,2009
187,5000.0,2009
3437,12500.0,2009
36117,660500.0,2009
3625,287500.0,2009
1863,15250.0,2009
395,23500.0,2009
3419,4000.0,2009
51131,129500.0,2009
3649,209000.0,2009
2425,70000.0,2009
245,1.6550417100000001E7,2009
3943,357175.0,2009
3955,72750.0,2009
343,216000.0,2009
131,3750.0,2009
51139,165250.0,2009
36113,1013750.0,2009
13173,20000.0,2009
4293,296000.0,2009
3675,2201200.0,2009
4295,32000.0,2009
1763,46500.0,2009
3663,1067500.0,2009
103,1093500.0,2009
3919,47750.0,2009
5521,45500.0,2009
3655,7440483.55,2009
2325,7500.0,2009
17197,727475.0,2009
51165,1023000.0,2009
2417,1890500.0,2009
519,43250.0,2009
13135,10000.0,2009
51103,7250.0,2009
1317,31250.0,2009
1897,71750.0,2009
39153,440250.0,2009
13287,13750.0,2009
51179,257750.0,2009
51135,1250.0,2009
18127,163750.0,2009
5195,140000.0,2009
13299,38750.0,2009
5115,1265500.0,2009
51117,9000.0,2009
665,3906351.95,2009
5141,543250.0,2009
5147,391500.0,2009
17201,15250.0,2009
5181,95500.0,2009
5027,38750.0,2009
51185,1440250.0,2009
679,1430500.0,2009
2443,7635684.2,2009
3671,2842000.0,2009
3935,423025.0,2009
13131,26250.0,2009
3627,2174500.0,2009
1313,58750.0,2009
4215,2659500.0,2009
36123,16500.0,2009
5017,5000.0,2009
2875,5000.0,2010
3651,554250.0,2010
363,237000.0,2010
3677,679500.0,2010
51600,2892750.0,2010
3755,182000.0,2010
51147,32250.0,2010
17195,93000.0,2010
5471,99750.0,2010
13155,1000.0,2010
17141,52500.0,2010
139,130000.0,2010
3611,201250.0,2010
3621,2052750.0,2010
135,2500.0,2010
3699,196000.0,2010
3667,4593750.0,2010
2447,1306750.0,2010
2419,460250.0,2010
1831,19750.0,2010
13253,12500.0,2010
42107,47500.0,2010
3653,536623.55,2010
5015,24000.0,2010
2313,4000.0,2010
17113,13000.0,2010
51127,212250.0,2010
4289,4393775.0,2010
13277,41975.0,2010
5023,638250.0,2010
3631,74500.0,2010
2445,1847925.0,2010
2521,32250.0,2010
51105,15500.0,2010
1731,1715700.0,2010
51171,249475.0,2010
39175,18750.0,2010
3635,175500.0,2010
429,98500.0,2010
3791,1500.0,2010
21111,50750.0,2010
1737,123500.0,2010
2527,70500.0,2010
5113,332500.0,2010
5447,262250.0,2010
517,126750.0,2010
3623,729500.0,2010
1881,77000.0,2010
5151,143000.0,2010
4237,724750.0,2010
39151,132000.0,2010
2413,3734250.0,2010
673,4.888448355E7,2010
187,5000.0,2010
51125,91750.0,2010
2515,45500.0,2010
51141,130250.0,2010
3993,911375.0,2010
18167,750.0,2010
11,23750.0,2010
183,12250.0,2010
5161,315000.0,2010
369,146500.0,2010
5185,541475.0,2010
3673,58750.0,2010
5127,254250.0,2010
3657,459390.0,2010
3941,140750.0,2010
36109,221750.0,2010
36119,4677450.0,2010
543,70750.0,2010
55133,125000.0,2010
5427,304500.0,2010
1797,113250.0,2010
1321,399650.0,2010
51191,195250.0,2010
1263,2000.0,2010
42109,502750.0,2010
4235,2399250.0,2010
5171,328750.0,2010
3949,140400.0,2010
13229,250000.0,2010
1351,5000.0,2010
3613,538250.0,2010
4269,3904250.0,2010
145,10225.0,2010
2429,565250.0,2010
5173,109250.0,2010
17123,30225.0,2010
17105,212500.0,2010
1889,47975.0,2010
507,324750.0,2010
55135,10000.0,2010
51101,45000.0,2010
13235,10000.0,2010
42117,159000.0,2010
3639,457000.0,2010
39165,68000.0,2010
36101,68000.0,2010
3629,1269993.55,2010
105,1.901975E7,2010
36111,696175.0,2010
40119,5750.0,2010
367,2289000.0,2010
5157,32750.0,2010
1393,10000.0,2010
1387,95000.0,2010
3697,36000.0,2010
39103,53125.0,2010
51167,747750.0,2010
1775,143750.0,2010
4241,249500.0,2010
637,2.380784765E7,2010
51195,446500.0,2010
39143,54225.0,2010
3669,485750.0,2010
1371,24750.0,2010
15,12250.0,2010
51187,4751250.0,2010
39157,246225.0,2010
113,30000.0,2010
4757,90000.0,2010
3643,1137000.0,2010
659,5216074.2,2010
42131,169750.0,2010
3615,123250.0,2010
39169,26500.0,2010
5025,467500.0,2010
3659,1.611608855E7,2010
48439,10000.0,2010
5579,180500.0,2010
131,48000.0,2010
42133,822500.0,2010
51155,38500.0,2010
503,646000.0,2010
5121,2178000.0,2010
47173,12000.0,2010
3637,329250.0,2010
2525,30500.0,2010
3693,1036384.2,2010
1791,119250.0,2010
671,4279400.0,2010
17203,248500.0,2010
161,29000.0,2010
3319,750.0,2010
1773,7500.0,2010
1789,51000.0,2010
2329,296000.0,2010
13315,3750.0,2010
2517,736500.0,2010
51133,74000.0,2010
3695,153250.0,2010
2441,234250.0,2010
42119,191285.0,2010
2427,1431250.0,2010
36105,1872640.0,2010
13185,5000.0,2010
2439,299500.0,2010
39133,11800.0,2010
3679,475000.0,2010
3945,79525.0,2010
13135,500.0,2010
1817,1250.0,2010
5193,64500.0,2010
3687,3591500.0,2010
13171,7500.0,2010
4087,900.0,2010
249,965500.0,2010
36115,795725.0,2010
241,710500.0,2010
5137,32000.0,2010
51177,2032000.0,2010
48201,140000.0,2010
3317,1000.0,2010
4281,1664000.0,2010
5423,459250.0,2010
4225,50000.0,2010
421,308250.0,2010
3633,281500.0,2010
91,1010500.0,2010
1369,22500.0,2010
36107,902000.0,2010
5455,351650.0,2010
5133,48500.0,2010
51161,511750.0,2010
3977,441100.0,2010
5169,373950.0,2010
5021,355750.0,2010
3313,61000.0,2010
4297,1947000.0,2010
51197,642250.0,2010
3617,111500.0,2010
5187,838500.0,2010
5175,300750.0,2010
13153,3750.0,2010
243,6018375.0,2010
1835,40000.0,2010
18157,1000.0,2010
155,170000.0,2010
2431,5653750.0,2010
93,3000.0,2010
17155,11250.0,2010
629,1850000.0,2010
361,1435735.0,2010
259,142000.0,2010
2421,1374500.0,2010
36103,1.2853105E7,2010
13233,38750.0,2010
413,62295.0,2010
5425,500.0,2010
101,1454500.0,2010
3665,1482785.0,2010
5189,75475.0,2010
28121,2000.0,2010
3683,1015250.0,2010
51199,384000.0,2010
5431,216250.0,2010
3619,1292500.0,2010
505,244750.0,2010
5561,9250.0,2010
1121,15000.0,2010
3691,1522175.0,2010
39113,9000.0,2010
5011,201750.0,2010
2411,1073250.0,2010
5457,1189750.0,2010
5465,2500.0,2010
5123,1253750.0,2010
13275,9250.0,2010
4283,47000.0,2010
55103,20000.0,2010
51520,132000.0,2010
5119,9000.0,2010
1815,9475.0,2010
51760,12500.0,2010
3985,48250.0,2010
4255,430250.0,2010
13169,2500.0,2010
2319,179000.0,2010
42115,47250.0,2010
5437,529000.0,2010
39139,89500.0,2010
5019,209500.0,2010
2423,202750.0,2010
169,342500.0,2010
1391,29000.0,2010
501,184750.0,2010
51153,2206483.55,2010
18137,37500.0,2010
51193,443250.0,2010
42127,608100.0,2010
627,509250.0,2010
253,141500.0,2010
511,179000.0,2010
51775,269250.0,2010
39117,6000.0,2010
3645,683500.0,2010
42103,178750.0,2010
513,73500.0,2010
55111,198250.0,2010
51107,2165250.0,2010
1743,127450.0,2010
4279,5737475.0,2010
397,53400.0,2010
177,1000.0,2010
1375,1000.0,2010
3933,16500.0,2010
17179,9000.0,2010
6111,1503000.0,2010
51121,90250.0,2010
5125,78750.0,2010
3311,44000.0,2010
625,28750.0,2010
36117,1095310.0,2010
3625,542760.0,2010
1863,22000.0,2010
395,50750.0,2010
51131,31000.0,2010
3649,155750.0,2010
2425,77000.0,2010
245,3.767925E7,2010
3943,159100.0,2010
3955,8750.0,2010
3957,44500.0,2010
51139,383500.0,2010
36113,1508705.0,2010
4293,479000.0,2010
3675,1986750.0,2010
1763,49500.0,2010
3663,1145500.0,2010
103,1976000.0,2010
3919,14500.0,2010
5521,72000.0,2010
3655,2141815.0,2010
2325,2500.0,2010
17197,802700.0,2010
51165,442750.0,2010
2417,1869500.0,2010
519,44000.0,2010
51103,22250.0,2010
1317,14500.0,2010
1897,116000.0,2010
39153,261725.0,2010
13287,30000.0,2010
51179,436250.0,2010
18127,54250.0,2010
17161,21000.0,2010
5195,105000.0,2010
13299,5000.0,2010
5115,601750.0,2010
665,3871000.0,2010
5141,843750.0,2010
5147,455750.0,2010
323,3896500.0,2010
17201,41250.0,2010
5181,17500.0,2010
5027,4000.0,2010
51185,2507000.0,2010
679,1499750.0,2010
13261,5000.0,2010
2443,2471000.0,2010
3671,2002685.0,2010
26145,1000.0,2010
3935,415450.0,2010
13131,16250.0,2010
3627,3800010.0,2010
1313,3750.0,2010
5183,250.0,2010
4215,633000.0,2010
36123,29000.0,2010
683,7601750.0,2010
5017,60000.0,2010
2875,750.0,2011
3651,93500.0,2011
12133,5750.0,2011
363,253750.0,2011
3677,1980950.0,2011
51600,7365934.2,2011
3755,52000.0,2011
51147,162000.0,2011
17195,7500.0,2011
17175,1000.0,2011
5471,45500.0,2011
17141,18000.0,2011
3613,325000.0,2011
3611,231250.0,2011
3621,1465725.0,2011
507,4806250.0,2011
131,10000.0,2011
3699,239000.0,2011
3667,1480500.0,2011
48157,30000.0,2011
2447,744000.0,2011
2419,555500.0,2011
21151,3000.0,2011
1683,15000.0,2011
42107,350500.0,2011
3653,208250.0,2011
5015,46500.0,2011
17113,7000.0,2011
51127,124500.0,2011
4289,4999040.0,2011
13277,35750.0,2011
1891,9000.0,2011
5023,741250.0,2011
3631,77150.0,2011
2445,1440500.0,2011
2521,162500.0,2011
51105,91250.0,2011
1731,2153100.0,2011
1365,49750.0,2011
51171,395250.0,2011
1355,8000.0,2011
39175,122500.0,2011
3635,102000.0,2011
4283,148010.0,2011
3791,102000.0,2011
21111,3000.0,2011
1737,262450.0,2011
2527,12750.0,2011
5525,725.0,2011
5113,798250.0,2011
5447,475000.0,2011
183,9000.0,2011
3623,182250.0,2011
1881,16000.0,2011
5151,41500.0,2011
4237,751750.0,2011
21193,2500.0,2011
39151,67000.0,2011
55103,24250.0,2011
673,1.04486E7,2011
48141,1000.0,2011
13319,40000.0,2011
623,110000.0,2011
51125,13250.0,2011
2515,11000.0,2011
51141,327473.6,2011
3993,301825.0,2011
18167,4500.0,2011
11,65000.0,2011
517,8000.0,2011
1269,5000.0,2011
5161,580368.4,2011
369,58000.0,2011
5185,355000.0,2011
3673,72725.0,2011
5127,21750.0,2011
51111,20000.0,2011
3657,425750.0,2011
3941,41725.0,2011
36109,173500.0,2011
40109,15225.0,2011
36119,3659735.0,2011
543,292250.0,2011
3413,4650.0,2011
3675,2196500.0,2011
5427,425000.0,2011
13115,5000.0,2011
4551,3750.0,2011
1797,113175.0,2011
1321,128975.0,2011
51191,1137250.0,2011
1263,45000.0,2011
42109,321000.0,2011
4235,518750.0,2011
5171,73750.0,2011
3949,102250.0,2011
13229,5000.0,2011
139,255000.0,2011
4269,9253150.0,2011
145,67500.0,2011
2429,408450.0,2011
5173,149250.0,2011
17123,68500.0,2011
1123,7500.0,2011
17105,252750.0,2011
1729,750.0,2011
1889,61750.0,2011
135,2500.0,2011
1101,1500.0,2011
51101,321250.0,2011
42117,852815.0,2011
3639,752500.0,2011
27157,17500.0,2011
36101,107000.0,2011
3629,1573475.0,2011
105,5978500.0,2011
36111,615635.0,2011
40119,7500.0,2011
367,3991275.0,2011
5157,60750.0,2011
39139,103450.0,2011
323,333750.0,2011
1387,80750.0,2011
3697,122000.0,2011
39103,195400.0,2011
51167,1522250.0,2011
3659,3.3938405E7,2011
4241,130750.0,2011
637,4.042611985E7,2011
51195,296500.0,2011
115,3750.0,2011
39143,14750.0,2011
3669,293225.0,2011
1371,16900.0,2011
15,62000.0,2011
51187,891750.0,2011
39157,98250.0,2011
113,17500.0,2011
4757,5000.0,2011
3643,634500.0,2011
659,8524940.649999999,2011
42131,197400.0,2011
3615,13750.0,2011
1831,21250.0,2011
39169,22550.0,2011
5025,120000.0,2011
1775,358750.0,2011
48439,26250.0,2011
5579,103750.0,2011
42133,844500.0,2011
51155,8250.0,2011
503,339500.0,2011
5121,1105000.0,2011
3637,852250.0,2011
2525,11000.0,2011
3693,1153925.0,2011
1791,156250.0,2011
671,3017500.0,2011
18133,3750.0,2011
17203,47250.0,2011
161,5000.0,2011
3319,390000.0,2011
1773,3750.0,2011
1789,95000.0,2011
2329,66000.0,2011
13315,18750.0,2011
2517,793000.0,2011
51133,7000.0,2011
3695,788000.0,2011
2441,279983.55,2011
42119,435000.0,2011
2427,1831750.0,2011
36105,118250.0,2011
2439,56500.0,2011
51193,516975.0,2011
39133,7500.0,2011
3679,156750.0,2011
3945,16725.0,2011
237,750.0,2011
13135,3750.0,2011
48451,6250.0,2011
5167,500.0,2011
1817,6000.0,2011
5193,30250.0,2011
3687,2768285.0,2011
13171,13750.0,2011
683,4830250.0,2011
249,701000.0,2011
36115,306200.0,2011
241,927250.0,2011
5137,68500.0,2011
51177,574500.0,2011
48201,40000.0,2011
3317,9000.0,2011
4281,1099750.0,2011
13193,10250.0,2011
5423,932500.0,2011
4225,797500.0,2011
421,401500.0,2011
3633,169000.0,2011
91,1575000.0,2011
21227,2500.0,2011
1369,500000.0,2011
36107,1049500.0,2011
17183,3750.0,2011
5455,1638500.0,2011
5133,54750.0,2011
51161,289500.0,2011
3977,61250.0,2011
645,9000.0,2011
5169,1150500.0,2011
5021,217500.0,2011
3313,231500.0,2011
4297,2698865.0,2011
13205,14250.0,2011
51197,689250.0,2011
5481,5000.0,2011
42103,382250.0,2011
5187,995236.8,2011
5175,73000.0,2011
13153,2500.0,2011
243,8800958.55,2011
1835,26500.0,2011
155,90000.0,2011
51137,4000.0,2011
2431,7943184.2,2011
12123,1000.0,2011
17155,14750.0,2011
629,860750.0,2011
361,1312790.0,2011
259,213700.0,2011
2421,7472500.0,2011
36103,1.313152195E7,2011
2841,3750.0,2011
55101,500.0,2011
51173,300500.0,2011
413,100000.0,2011
1113,20000.0,2011
101,3358483.55,2011
13157,20000.0,2011
3665,2718285.0,2011
5189,84225.0,2011
28121,203750.0,2011
18119,1000.0,2011
3683,1474225.0,2011
51199,420750.0,2011
5431,1.817625E7,2011
17143,5000.0,2011
3619,790000.0,2011
505,203250.0,2011
5561,21250.0,2011
18139,2000.0,2011
3691,1883225.0,2011
39113,12500.0,2011
5011,27750.0,2011
2411,932750.0,2011
5457,5827500.0,2011
5181,829250.0,2011
29133,2500.0,2011
5465,442750.0,2011
5123,517000.0,2011
133,17500.0,2011
13275,23725.0,2011
429,61250.0,2011
2413,1800500.0,2011
51520,37000.0,2011
1815,1000.0,2011
51760,8000.0,2011
3985,142800.0,2011
4255,238250.0,2011
2319,1823000.0,2011
42115,131250.0,2011
39165,90750.0,2011
21229,2000.0,2011
5019,79000.0,2011
2423,156250.0,2011
169,282000.0,2011
1391,96250.0,2011
37139,36000.0,2011
501,105250.0,2011
51153,1804684.2,2011
18137,21750.0,2011
17107,6250.0,2011
5437,254250.0,2011
42127,2743250.0,2011
627,932750.0,2011
253,148750.0,2011
4839,20000.0,2011
13161,105000.0,2011
511,11250.0,2011
5125,401500.0,2011
3645,573250.0,2011
13225,1000.0,2011
3617,138500.0,2011
513,232750.0,2011
55111,71000.0,2011
51107,1769500.0,2011
1743,173225.0,2011
4279,8677509.2,2011
397,21000.0,2011
13233,15000.0,2011
1375,20000.0,2011
3933,263500.0,2011
6111,1.02065E7,2011
51121,52500.0,2011
51775,396500.0,2011
3311,76500.0,2011
625,111500.0,2011
36117,282500.0,2011
3625,390750.0,2011
1863,61000.0,2011
395,195000.0,2011
51131,48500.0,2011
3649,398000.0,2011
2425,200000.0,2011
1895,12000.0,2011
245,1.42250342E7,2011
3943,277900.0,2011
3955,11250.0,2011
13103,2000.0,2011
3957,51750.0,2011
1117,27500.0,2011
51139,395450.0,2011
36113,1505000.0,2011
4293,154250.0,2011
4829,500.0,2011
5111,490000.0,2011
55133,603750.0,2011
1763,95500.0,2011
3663,3911000.0,2011
103,3524975.0,2011
3919,23250.0,2011
13165,5000.0,2011
3655,3557900.0,2011
2325,302000.0,2011
17197,828750.0,2011
51165,5438750.0,2011
2417,1725500.0,2011
519,17500.0,2011
51103,11000.0,2011
1317,30500.0,2011
1897,61250.0,2011
39153,111750.0,2011
13287,53500.0,2011
51179,568250.0,2011
51135,1250.0,2011
18127,75750.0,2011
17161,24000.0,2011
5195,227000.0,2011
13299,5000.0,2011
5115,446250.0,2011
51117,6750.0,2011
665,3623000.0,2011
5141,2899700.0,2011
5147,274750.0,2011
17201,17500.0,2011
1257,8000.0,2011
5027,31000.0,2011
51185,462500.0,2011
21211,5000.0,2011
679,1407500.0,2011
13261,750.0,2011
2443,6489500.0,2011
3671,1402000.0,2011
3935,490225.0,2011
13131,21250.0,2011
3627,4026250.0,2011
1313,35675.0,2011
5183,20750.0,2011
1381,5000.0,2011
4215,203000.0,2011
36123,44000.0,2011
5017,9000.0,2011
2875,2500.0,2012
3651,28000.0,2012
363,382000.0,2012
4755,3750.0,2012
3677,1546500.0,2012
51600,1390184.2,2012
3755,39000.0,2012
51147,750.0,2012
17195,16000.0,2012
5471,12750.0,2012
17141,9750.0,2012
2847,10000.0,2012
3613,426250.0,2012
3611,28000.0,2012
3621,737750.0,2012
135,29500.0,2012
131,28750.0,2012
105,146750.0,2012
2181,73225.0,2012
3667,1457500.0,2012
48157,50000.0,2012
2447,25750.0,2012
2419,4500.0,2012
21151,56250.0,2012
1683,20000.0,2012
42107,575500.0,2012
3653,350500.0,2012
5015,113000.0,2012
17113,17500.0,2012
51127,42000.0,2012
5131,36250.0,2012
2675,25000.0,2012
13277,39500.0,2012
22105,12500.0,2012
5023,244750.0,2012
3735,2500.0,2012
3631,170250.0,2012
21195,3000.0,2012
2521,22500.0,2012
91,3013750.0,2012
1731,693900.0,2012
39175,90000.0,2012
173,225750.0,2012
3635,29500.0,2012
4283,16000.0,2012
3791,8750.0,2012
21111,1500.0,2012
1737,279725.0,2012
2527,92250.0,2012
5113,139850.0,2012
5447,28750.0,2012
3623,228000.0,2012
1881,28250.0,2012
5151,50750.0,2012
4237,981535.0,2012
21193,10750.0,2012
3749,5000.0,2012
39151,110750.0,2012
55103,26500.0,2012
673,1.075812875E7,2012
48141,1000.0,2012
13319,3750.0,2012
623,100000.0,2012
51125,500.0,2012
2515,5000.0,2012
51141,25000.0,2012
3993,500650.0,2012
18167,750.0,2012
11,70000.0,2012
183,27500.0,2012
1269,750.0,2012
5161,750.0,2012
369,111250.0,2012
5185,267000.0,2012
3673,69750.0,2012
5127,13000.0,2012
51111,22500.0,2012
3657,256500.0,2012
3941,67500.0,2012
36109,155750.0,2012
40109,5000.0,2012
36119,6294160.0,2012
3675,1051250.0,2012
13295,53750.0,2012
5427,50000.0,2012
13115,14500.0,2012
1319,750.0,2012
1321,271750.0,2012
51191,450500.0,2012
42109,418285.0,2012
119,20000.0,2012
4235,790500.0,2012
3949,56725.0,2012
13229,60000.0,2012
139,20000.0,2012
2677,4000.0,2012
4269,2569184.2,2012
2429,750.0,2012
5173,122750.0,2012
17123,31750.0,2012
121,7500.0,2012
17105,110750.0,2012
13279,9500.0,2012
3561,9000.0,2012
507,340750.0,2012
51101,215000.0,2012
42117,475750.0,2012
3639,328250.0,2012
423,6000.0,2012
27157,20500.0,2012
36101,719500.0,2012
3629,2227225.0,2012
36111,1177225.0,2012
40119,12500.0,2012
367,3609285.0,2012
4065,8750.0,2012
3785,5565.0,2012
1393,30000.0,2012
1387,31250.0,2012
3697,39000.0,2012
39103,175200.0,2012
51167,63750.0,2012
3659,7667205.0,2012
197,25000.0,2012
4241,6750.0,2012
637,4.7317122349999994E7,2012
1865,5000.0,2012
51195,1226000.0,2012
1797,125250.0,2012
117,2500.0,2012
39143,19525.0,2012
3669,111750.0,2012
1371,36500.0,2012
15,28750.0,2012
51187,99000.0,2012
39157,142750.0,2012
113,35000.0,2012
13293,5000.0,2012
3643,631750.0,2012
2417,209750.0,2012
659,1.041279E7,2012
42131,172000.0,2012
3615,18750.0,2012
39169,23225.0,2012
5025,255750.0,2012
1775,161250.0,2012
48439,48750.0,2012
5579,228750.0,2012
42133,1000.0,2012
51155,20000.0,2012
503,231250.0,2012
5121,221500.0,2012
3637,368750.0,2012
2525,16000.0,2012
3693,2080175.0,2012
1791,91750.0,2012
671,1.1488E7,2012
17203,12500.0,2012
161,20000.0,2012
3181,16000.0,2012
13245,5000.0,2012
3319,6000.0,2012
1789,72000.0,2012
2329,935250.0,2012
13315,8500.0,2012
2517,214000.0,2012
51133,8000.0,2012
3695,138500.0,2012
2441,13500.0,2012
3925,27000.0,2012
2427,337250.0,2012
36105,2020500.0,2012
1217,20000.0,2012
39133,14375.0,2012
3679,72250.0,2012
3945,26250.0,2012
237,11250.0,2012
13135,9000.0,2012
48451,36250.0,2012
5193,300000.0,2012
4289,4449190.0,2012
3687,613150.0,2012
2859,15000.0,2012
4087,23750.0,2012
249,216250.0,2012
36115,1085000.0,2012
241,328000.0,2012
5137,40000.0,2012
51177,578750.0,2012
48201,110500.0,2012
4097,25000.0,2012
3317,500.0,2012
37171,38750.0,2012
4281,2379750.0,2012
13193,3000.0,2012
4225,109750.0,2012
2445,403283.55,2012
421,36000.0,2012
3633,234500.0,2012
51105,12500.0,2012
1369,27500.0,2012
36107,657250.0,2012
17183,5000.0,2012
5455,50000.0,2012
5133,8750.0,2012
51161,118250.0,2012
3977,336000.0,2012
5169,156500.0,2012
5021,148500.0,2012
3313,146000.0,2012
4297,1012500.0,2012
13205,5250.0,2012
51197,288500.0,2012
5481,21250.0,2012
42103,259000.0,2012
5187,243500.0,2012
5175,500.0,2012
13153,15000.0,2012
13241,10000.0,2012
145,14200.0,2012
18157,9500.0,2012
51137,90000.0,2012
2431,2156775.0,2012
93,750.0,2012
12123,5000.0,2012
17155,40000.0,2012
629,1285250.0,2012
361,1689250.0,2012
259,106000.0,2012
2421,1090500.0,2012
36103,1.639613E7,2012
13233,83750.0,2012
51173,12500.0,2012
413,940000.0,2012
5425,1000.0,2012
13175,70000.0,2012
1113,7500.0,2012
101,136000.0,2012
3665,1937700.0,2012
5147,5750.0,2012
243,3169750.0,2012
28121,32500.0,2012
13317,43750.0,2012
3683,701040.0,2012
51199,750.0,2012
5431,40500.0,2012
17143,18750.0,2012
3619,712500.0,2012
505,54000.0,2012
5561,27000.0,2012
1121,225.0,2012
1793,3750.0,2012
18139,750.0,2012
3691,1925665.0,2012
39113,19750.0,2012
5011,30000.0,2012
2411,19000.0,2012
1899,1000.0,2012
5457,117000.0,2012
29133,2500.0,2012
5465,5000.0,2012
5123,4500.0,2012
133,15000.0,2012
13275,37725.0,2012
2413,383250.0,2012
51520,12500.0,2012
5119,4000.0,2012
40131,18750.0,2012
3985,197750.0,2012
2319,98000.0,2012
42115,129250.0,2012
39165,118500.0,2012
1889,10750.0,2012
39139,44750.0,2012
42119,487250.0,2012
5019,25000.0,2012
169,650000.0,2012
1391,35000.0,2012
37139,108000.0,2012
501,76000.0,2012
51153,5591250.0,2012
18137,60000.0,2012
51193,50750.0,2012
5437,8000.0,2012
42127,286000.0,2012
627,517500.0,2012
253,148750.0,2012
189,85000.0,2012
13161,80000.0,2012
511,750.0,2012
5125,12000.0,2012
39117,180000.0,2012
3645,458500.0,2012
3617,75250.0,2012
513,77500.0,2012
55111,52500.0,2012
51107,920900.0,2012
1743,61400.0,2012
4279,7575160.0,2012
397,76500.0,2012
177,2500.0,2012
3933,39750.0,2012
1741,11250.0,2012
6111,711000.0,2012
51121,15000.0,2012
51775,133500.0,2012
3311,49750.0,2012
625,111750.0,2012
36117,386500.0,2012
3625,194500.0,2012
1863,18500.0,2012
395,12250.0,2012
13243,7500.0,2012
3649,621750.0,2012
2425,1000.0,2012
1895,5750.0,2012
245,3083750.0,2012
3943,132750.0,2012
3955,155750.0,2012
3957,25000.0,2012
95,6000.0,2012
1117,7500.0,2012
51139,12000.0,2012
36113,2471000.0,2012
4293,41500.0,2012
4829,2000.0,2012
5111,250000.0,2012
55133,522750.0,2012
1763,15250.0,2012
3663,1777250.0,2012
103,12500.0,2012
3919,12500.0,2012
13165,7500.0,2012
5521,24000.0,2012
3655,3218648.55,2012
2325,67500.0,2012
17197,857250.0,2012
539,3750.0,2012
51165,129000.0,2012
48297,35000.0,2012
1897,41000.0,2012
39153,100500.0,2012
13287,3750.0,2012
51179,171750.0,2012
1259,10000.0,2012
18127,44000.0,2012
17161,10500.0,2012
5195,60000.0,2012
13299,100000.0,2012
5115,37500.0,2012
665,4881602.75,2012
5141,322750.0,2012
1327,65000.0,2012
2331,3750.0,2012
323,845483.55,2012
17201,4500.0,2012
5181,500.0,2012
5027,10500.0,2012
21211,22500.0,2012
679,2708500.0,2012
13261,3750.0,2012
1927,22500.0,2012
2443,842750.0,2012
3671,2764815.0,2012
3935,665025.0,2012
13131,13750.0,2012
3627,1737065.0,2012
1313,5225.0,2012
5183,1000.0,2012
1381,10000.0,2012
4215,444500.0,2012
36123,187000.0,2012
683,3.93795E7,2012
